time,temperature_2m_max_(°C),temperature_2m_min_(°C),temperature_2m_mean_(°C),daylight_duration_(s),sunshine_duration_(s),precipitation_hours_(h),shortwave_radiation_sum_(MJ/m²)
11/27/2020,25.9,8.6,18,39870.84,37097.05,0,20.72
11/28/2020,25.9,11.7,17.9,39837.77,37059.49,0,20.46
11/29/2020,25,8.7,17.1,39806.22,37023.49,0,20.11
11/30/2020,22.3,12.9,16.5,39775.79,34460.58,1,12.86
12/1/2020,22.2,6.1,12.6,39746.46,35809.52,2,17.74
12/2/2020,22,7.5,14.4,39718.27,36922.51,0,18.41
12/3/2020,22.9,8.4,14.8,39691.25,36891.45,0,18.08
12/4/2020,23.5,6.5,14.2,39665.43,36861.75,0,18.18
12/5/2020,24,8.1,15.6,39640.85,36833.47,0,18.43
12/6/2020,22,7.8,15.1,39617.54,36806.64,1,17.63
12/7/2020,19.5,9.6,14.8,39595.55,35736.68,3,15.18
12/8/2020,21.3,7.3,13.3,39574.9,36757.5,0,16.47
12/9/2020,22,8.4,14.8,39555.63,33222.1,0,16.99
12/10/2020,23.6,9.4,15.9,39537.78,34591.81,0,17.31
12/11/2020,24.2,12.4,17.5,39521.37,36340.41,0,18.54
12/12/2020,22.9,9.9,16.4,39506.45,36678.5,1,17.28
12/13/2020,24.9,7.2,15.9,39493.04,36662.99,0,19.3
12/14/2020,23.1,10.7,16.3,39481.19,36649.28,0,17.76
12/15/2020,24.8,6.8,15.3,39470.91,36637.38,0,19.25
12/16/2020,22,10.6,15.4,39462.26,36627.35,0,16.09
12/17/2020,22.2,7.7,14.5,39455.25,36619.21,0,17.94
12/18/2020,22.7,7.2,14.5,39449.93,36613,1,17.82
12/19/2020,23.1,10.3,16,39446.3,36608.56,0,18.15
12/20/2020,22.2,9.5,15.9,39444.32,36184.75,0,16.85
12/21/2020,21.7,9.1,15,39443.95,36336.89,1,17.13
12/22/2020,23.5,9.5,16.1,39445.18,36267.06,1,17.31
12/23/2020,23.7,8.1,16.2,39447.99,36016.02,0,18.69
12/24/2020,23,8,15.8,39452.38,36612.21,0,19.74
12/25/2020,21.1,2.7,10.9,39458.31,35305.07,0,17.42
12/26/2020,23.4,6.9,14.6,39465.78,36626.42,1,19.47
12/27/2020,22.3,6.8,14.3,39474.75,36636.18,0,20.13
12/28/2020,22.4,5.3,13.7,39485.23,36647.68,0,20.47
12/29/2020,22,4.5,13.1,39497.18,36660.9,0,20.28
12/30/2020,22.9,4.9,12.9,39510.59,36675.81,0,20.07
12/31/2020,19.8,7.6,13.3,39525.44,36692.39,0,20.27
1/1/2021,24.4,1.1,11.6,39541.7,36710.62,0,20.7
1/2/2021,24,3.6,12.4,39559.36,36730.46,0,20.43
1/3/2021,24.3,3,13,39578.39,36751.89,0,20.2
1/4/2021,23,6.6,14.9,39598.77,36774.9,0,20.27
1/5/2021,22.6,6.9,14.3,39620.49,36799.45,0,19.37
1/6/2021,22.1,5.8,14.3,39643.52,36825.52,0,19.76
1/7/2021,19.9,9.8,14.4,39667.83,31531.12,3,14.83
1/8/2021,21.4,6.7,13.8,39693.47,36881.96,0,18.76
1/9/2021,19.8,7.5,14.2,39720.72,36800.1,1,17.34
1/10/2021,21.7,6.6,13.6,39749.58,36732.64,2,17.62
1/11/2021,18.4,7.6,12.9,39779.99,35642.18,1,14.82
1/12/2021,21.4,7.2,13.3,39811.88,37013.71,0,18.58
1/13/2021,19.8,6.4,13,39845.2,27032.82,0,13.96
1/14/2021,22.5,8.7,14.9,39879.89,31078.75,0,15.96
1/15/2021,20.9,11.3,15.6,39915.88,35669.49,2,15.76
1/16/2021,20.8,8.3,14.9,39953.11,35947.69,2,15.2
1/17/2021,20.8,11.4,14.9,39991.53,34041.28,5,13.08
1/18/2021,21.2,7,13.1,40031.08,35652.52,1,19.32
1/19/2021,23.7,7.4,14.7,40071.7,37303.34,0,19.71
1/20/2021,21.9,8.5,15.3,40113.33,36008.36,0,17.44
1/21/2021,25.2,8.9,16,40155.91,36762.85,0,20.49
1/22/2021,25.2,10.7,17,40199.4,37445.55,0,20.84
1/23/2021,24.5,10.9,17.3,40243.71,37220.45,0,18.7
1/24/2021,24.1,9.5,16.9,40288.82,33720.88,0,16.6
1/25/2021,25.1,6.2,15.3,40334.66,33881.15,0,20.95
1/26/2021,26.9,8.4,16.6,40381.18,37493.7,0,21.18
1/27/2021,26.4,11.6,18.2,40428.31,37513.09,0,21.07
1/28/2021,23.2,9.9,14.9,40476.11,36497.8,1,18.24
1/29/2021,24.1,7.5,13.5,40525.07,36707.86,0,20.36
1/30/2021,25.7,8.8,16.4,40575.2,37590.23,0,21.07
1/31/2021,25.6,8.1,17.4,40626.44,37644.89,0,22.49
2/1/2021,21.3,11.5,14.8,40678.72,34309.95,5,18.58
2/2/2021,24.6,4.8,12.4,40731.98,37581.49,0,22.28
2/3/2021,26.2,4.9,15.5,40786.13,37806.29,0,23.27
2/4/2021,26.7,8.3,17.6,40841.12,37884.04,0,23.36
2/5/2021,27.5,10,18.2,40896.87,37918.96,0,23.31
2/6/2021,27.1,7.4,17.6,40953.33,37851.88,0,23.17
2/7/2021,26.3,8.8,16.9,41010.43,38043.24,0,23.22
2/8/2021,26.5,6.2,16.3,41068.11,38081.35,0,23.59
2/9/2021,24.7,8.7,16.2,41126.3,38236.14,0,22.42
2/10/2021,23.4,9.3,16.6,41184.94,38037.04,0,20.09
2/11/2021,23.6,8,15.9,41243.98,37946.21,1,22.37
2/12/2021,21.7,6.2,14.2,41303.35,38299.84,0,21.54
2/13/2021,22.3,6.4,13.3,41362.99,37941.24,0,24.37
2/14/2021,25.3,3.2,13.4,41422.86,38655.09,0,24.93
2/15/2021,24.3,1.3,13.3,41482.88,38703.09,0,25.37
2/16/2021,25.3,3,14.4,41543,38822.75,0,25.31
2/17/2021,24.6,4,14.1,41603.27,38209.74,0,22.94
2/18/2021,26.8,4.3,15.1,41664.21,38846.51,0,25.41
2/19/2021,24.7,5.9,14.9,41725.86,39048.41,0,24.55
2/20/2021,25.7,6.2,15,41788.17,39100.39,0,25.15
2/21/2021,26.1,10,17.5,41851.08,39232.17,0,24.66
2/22/2021,26.1,9.8,18,41914.52,39124.41,0,23.87
2/23/2021,25.6,5.9,15.2,41978.46,39175.96,0,24.89
2/24/2021,27.2,10.1,18.3,42042.82,39394.54,0,25.02
2/25/2021,27.5,8.8,18,42107.56,38518.89,0,25.24
2/26/2021,28.5,9.6,18.9,42172.62,39583.89,0,25.6
2/27/2021,28.6,9.9,19.5,42237.95,39652.51,0,25.05
2/28/2021,28.6,11.1,19.8,42303.5,39721.2,0,24.9
3/1/2021,29.6,13.5,20.9,42369.22,39789.94,0,25.29
3/2/2021,27.6,13.8,19.8,42435.05,39858.63,3,22.76
3/3/2021,27.8,11.2,19.4,42500.94,39231.45,0,24.39
3/4/2021,28.8,11.8,20.6,42566.85,39021.22,0,25.73
3/5/2021,29.1,11.2,20.5,42632.72,40064,0,25.28
3/6/2021,27.8,12.3,18.4,42698.5,31987.28,4,18.87
3/7/2021,27,7.9,16.3,42764.15,38865.41,0,23.55
3/8/2021,26.2,7.6,16.8,42829.61,38912.75,2,24.49
3/9/2021,27.3,7.2,16.2,42894.93,39810.54,0,25.45
3/10/2021,28.9,7.6,18.1,42960.59,40401.98,0,27.41
3/11/2021,28,12.1,19.6,43026.65,40469.8,0,26.85
3/12/2021,29,12.3,20.1,43093.05,40537.81,1,25.88
3/13/2021,28.8,10.9,19.8,43159.75,39919.09,0,26.8
3/14/2021,28.2,11,19.7,43226.7,40270.75,0,24.85
3/15/2021,28.1,12.4,20.1,43293.87,39722.65,0,25.07
3/16/2021,28.2,11.5,19.6,43361.2,40810.84,0,25.55
3/17/2021,26.6,10.6,19,43428.64,40842.06,0,25.51
3/18/2021,24.7,11.9,17.8,43496.15,39876.11,0,21.83
3/19/2021,24.8,7.9,15.8,43563.7,37533.47,0,23.13
3/20/2021,24.3,8.5,16.1,43631.23,39823.57,3,23.62
3/21/2021,23.7,10.2,16.7,43698.7,36181.52,6,21.73
3/22/2021,27.7,9.3,18.3,43766.06,40896,0,26.6
3/23/2021,28.7,9.5,19.1,43833.27,39092.4,1,26.95
3/24/2021,29.3,8.8,18.7,43900.28,41225.62,0,28.58
3/25/2021,29.6,8.3,18.8,43967.05,41240.75,0,29.07
3/26/2021,28.9,10.3,19.7,44033.53,40593.73,0,28.01
3/27/2021,29.1,11.1,20.4,44099.67,41273.15,0,27.75
3/28/2021,30.8,12.2,21.1,44165.43,41286.34,0,27.69
3/29/2021,27,12.8,18.6,44230.85,41301.7,1,23.82
3/30/2021,29.3,10.8,19.8,44296.38,37057.36,0,26.88
3/31/2021,30.2,13.2,21.6,44362.07,40927.47,0,27.88
4/1/2021,25.9,12.1,18,44427.87,41347.02,4,26.06
4/2/2021,25.1,9.4,15.3,44493.74,41361.78,0,20.01
4/3/2021,26.6,7.8,16,44559.65,40567.64,0,28.27
4/4/2021,26.6,7,16.3,44625.54,41582.52,0,28.15
4/5/2021,26.5,8.2,16.3,44691.37,38144.24,0,24.69
4/6/2021,26,10.7,17.8,44757.1,37212.38,3,22.3
4/7/2021,26.5,10.1,17,44822.68,37965.14,9,25.51
4/8/2021,26.5,10.6,19.3,44888.08,41482.52,2,24.96
4/9/2021,27.8,10.7,19.2,44953.23,40163.62,2,23.92
4/10/2021,28.8,11.7,19.7,45018.11,41987.43,0,27.5
4/11/2021,28.1,11.3,20.2,45082.66,42090.67,1,26.43
4/12/2021,28.1,13,20.9,45146.83,41953.86,0,25.29
4/13/2021,27.5,13.4,20.4,45210.58,40120.73,2,22.28
4/14/2021,27.5,12,19.1,45273.86,38014.82,3,24.12
4/15/2021,28,12.2,19.8,45336.61,38217.79,1,24.39
4/16/2021,28.4,11.2,19.5,45398.8,41663.14,1,25.66
4/17/2021,30.2,13.9,21.5,45460.36,41446.3,0,27.61
4/18/2021,30.1,10.6,20.7,45521.32,42914.86,0,29.76
4/19/2021,29.4,8.5,19.5,45582.14,42979.46,0,29.76
4/20/2021,28.3,9.3,19.1,45642.84,43036.72,0,29.42
4/21/2021,28.2,10.2,19.4,45703.38,43093.71,0,29.04
4/22/2021,28.6,11,20.1,45763.71,42845.88,0,27.53
4/23/2021,29.3,13.5,21.3,45823.79,42155.17,0,26.42
4/24/2021,30.5,12,21.2,45883.58,40539.97,0,27.4
4/25/2021,28.7,14.8,21.3,45943.02,37015.54,3,23.67
4/26/2021,28.4,14.6,21.2,46002.06,37521.48,2,21.81
4/27/2021,30.8,13.3,22.2,46060.67,39975.02,0,26.39
4/28/2021,30.4,15.8,22.2,46118.78,42656.77,1,24.17
4/29/2021,29.8,13.2,20.3,46176.36,41345.85,6,25.87
4/30/2021,27.5,15.1,20.3,46233.34,43285.3,7,23.45
5/1/2021,26,12.9,18.9,46289.68,43540.91,5,23.52
5/2/2021,27.9,11.9,19.8,46345.32,42418.69,1,26.13
5/3/2021,28.4,11.8,20,46400.21,43742.22,0,29.17
5/4/2021,28.7,11.1,20.3,46454.29,43791.98,0,28.44
5/5/2021,25.9,13.7,19.9,46507.51,43840.88,3,24.56
5/6/2021,25.7,13.6,17.8,46559.82,38347.88,16,23.68
5/7/2021,24.3,12.6,17.7,46611.15,43110.92,2,22.85
5/8/2021,24.7,11.8,17.8,46661.52,39500.45,4,22.33
5/9/2021,25.7,14.4,19.8,46711.34,30724.89,2,20.43
5/10/2021,23.6,14,18.5,46760.63,31996.69,10,19.85
5/11/2021,23.3,12.8,18.1,46809.34,37668.66,8,21.78
5/12/2021,22.9,11.3,16.9,46857.44,30861.66,10,19.56
5/13/2021,21.4,11.2,15.4,46904.87,30718.85,17,18.27
5/14/2021,22.7,12.9,16.6,46951.59,36540.21,8,20.76
5/15/2021,22.4,12.6,16.7,46997.56,35172.72,6,20.98
5/16/2021,22.1,13,17.1,47042.72,35628.77,10,21.47
5/17/2021,23.2,11.1,17.1,47087.03,41286.57,3,20.32
5/18/2021,24.1,11.7,17.3,47130.44,42872.09,4,23.73
5/19/2021,24.1,9.8,17.2,47172.9,44445.8,4,25.71
5/20/2021,25.5,7.4,16.6,47214.36,44483.22,0,28.85
5/21/2021,27.6,11.5,19.2,47254.77,43493,0,26.97
5/22/2021,28.3,12.4,19.4,47294.08,44555.09,0,27.45
5/23/2021,27.1,13.5,19.7,47332.24,42966.3,5,22.39
5/24/2021,27,14.4,20.2,47369.2,40142.62,2,22.96
5/25/2021,29.1,14.2,19.8,47404.89,39897.05,7,24.34
5/26/2021,28.8,13.9,20.4,47439.29,39437.39,2,23.74
5/27/2021,27.7,14.8,20.6,47472.32,41036.96,6,25.4
5/28/2021,30,12.8,21.7,47503.99,44743.94,0,28.89
5/29/2021,30.1,13.5,21.4,47534.58,44558.42,1,27.12
5/30/2021,29.6,13.9,21,47564.09,44797.4,7,26.74
5/31/2021,28.6,14,20.6,47592.52,43965.23,3,25.14
6/1/2021,28,14.1,20.5,47619.84,38867.12,3,24.33
6/2/2021,23.1,15.2,18.4,47646,29633.89,14,14.67
6/3/2021,20.9,13.5,16.7,47670.99,38291.41,14,19.55
6/4/2021,20.9,13.7,16.6,47694.78,34826.43,12,17.84
6/5/2021,21.3,13.7,17,47717.34,38297.01,8,18.99
6/6/2021,24,14.5,17.8,47738.65,25385.23,5,19.23
6/7/2021,26.7,12,19,47758.68,41967.26,2,27.16
6/8/2021,25.2,10.8,18.5,47777.41,44251.27,3,26.43
6/9/2021,24.9,13.7,18.6,47794.79,45003.38,15,24.76
6/10/2021,24.6,11.8,17.5,47810.82,40135.59,6,24.61
6/11/2021,20.3,12.6,16.2,47825.46,28246.27,10,16.69
6/12/2021,20.3,13.9,16.3,47838.7,27354.46,23,16.68
6/13/2021,20.3,14.2,16.5,47850.49,24661,21,15.28
6/14/2021,20,14.1,16.4,47860.83,31258.15,22,15.71
6/15/2021,22.1,13.8,17.1,47869.68,36167.76,6,22.77
6/16/2021,22.8,11.4,16.7,47877.03,45078.54,3,24.16
6/17/2021,21.7,12.7,16.8,47882.85,42561.66,4,20.1
6/18/2021,18.3,12,15.3,47887.19,17039.6,10,12.39
6/19/2021,21.5,11.7,15.9,47890.07,32400,17,21.92
6/20/2021,24,12.6,17.1,47891.48,42055.6,2,23.74
6/21/2021,24.1,11.2,17.9,47891.46,39805.56,2,26.13
6/22/2021,22.8,12.7,17.6,47890.01,34655.45,10,22.64
6/23/2021,21.4,13.4,16.7,47887.13,31674.13,10,21.2
6/24/2021,21.6,12.9,17.4,47882.84,41056.19,9,24.25
6/25/2021,20.5,11.5,16.4,47877.15,45080.28,14,22.18
6/26/2021,20.4,12.2,15.9,47870.08,37828.27,6,21.32
6/27/2021,18.6,12.1,15.1,47861.64,5128.85,13,10.85
6/28/2021,17.5,12.2,14.3,47851.84,11471.22,24,11.06
6/29/2021,20.5,12.5,15.9,47840.68,36596.5,6,19.63
6/30/2021,20.1,14.1,16.2,47828.2,28010.43,20,14.67
7/1/2021,18.7,13.5,16.1,47814.41,10022.35,20,10.99
7/2/2021,19.6,14,15.9,47799.32,20323.66,24,14.74
7/3/2021,18.7,13.4,15.5,47782.94,25456.65,23,17.72
7/4/2021,20.8,12.4,16,47765.29,36641.89,5,23.25
7/5/2021,22.1,11.4,16.4,47746.39,34602.16,7,23.54
7/6/2021,22.4,13.7,17,47726.25,36471.52,6,22.55
7/7/2021,21,13.4,17.1,47704.86,36502.03,8,20.71
7/8/2021,20.5,13.5,16.6,47682,20888.4,14,15.92
7/9/2021,21.6,13.4,17,47657.68,35512.61,4,20.02
7/10/2021,22.5,14,17.7,47631.94,40112.53,12,24.57
7/11/2021,23.2,13.2,17.3,47604.84,42369.64,11,23.61
7/12/2021,22.1,12.5,17,47576.41,44716.73,10,24.97
7/13/2021,21.2,13.3,17,47546.7,42928.55,12,23.97
7/14/2021,22.5,12.2,16.3,47515.75,37844.42,9,22.15
7/15/2021,20.1,12.9,16.1,47483.62,31728.08,14,16.85
7/16/2021,22.6,12.8,16.8,47450.34,34908.29,11,22.95
7/17/2021,22.3,13.2,17.4,47415.95,25880.56,7,17.37
7/18/2021,23.2,11.1,16.4,47380.5,40224.76,6,23.86
7/19/2021,22.8,12.1,16.6,47344.04,44614.34,7,26.48
7/20/2021,22.7,14.1,17.4,47306.61,43234.8,9,24.38
7/21/2021,22.1,12.8,16.9,47268.25,40641.91,10,22.63
7/22/2021,21.8,13.5,16.9,47229.01,41278.5,16,24.03
7/23/2021,22.7,11.5,16.6,47188.92,44400.18,5,25.39
7/24/2021,23.8,11.9,17,47148.03,41914.24,3,26.28
7/25/2021,24.3,11.7,17.2,47106.38,44402.8,1,26.38
7/26/2021,22.4,12.1,17.2,47064.01,41008.86,9,24.26
7/27/2021,24,13.2,17.2,47020.9,39600,6,25.1
7/28/2021,22.1,14,17.2,46976.67,35743.04,15,20.11
7/29/2021,24,13.5,17.5,46931.32,37065.61,18,23.54
7/30/2021,23.5,12.4,17.6,46884.91,43579.47,7,21.91
7/31/2021,23.1,13,16.8,46837.49,36950.59,14,23.24
8/1/2021,22,12.5,16.3,46789.11,42926.22,16,23.32
8/2/2021,22.6,13.4,17.1,46739.84,38769.55,13,24.87
8/3/2021,21.2,13.2,16.6,46689.72,22113.37,12,18.32
8/4/2021,22.1,13.3,17.1,46638.81,32504.4,15,21.85
8/5/2021,22,13.6,17,46587.17,33187.33,20,19.75
8/6/2021,21.9,13.9,17.5,46534.84,33560.85,13,22.32
8/7/2021,21.9,13.6,16.9,46481.87,40469.11,21,23.05
8/8/2021,21.1,13.2,16.8,46428.32,39044.62,16,20.79
8/9/2021,23.3,12.6,16.8,46374.23,39591.11,9,23.98
8/10/2021,23.8,11.9,17.4,46319.66,40673.47,10,24.26
8/11/2021,20.9,11.1,16.2,46264.65,42891.05,13,23.24
8/12/2021,23.1,12.4,16.7,46209.25,39979.61,15,25.26
8/13/2021,22.3,13.2,16.8,46153.5,38665.05,13,22.63
8/14/2021,22.4,13.6,16.8,46097.46,32565.45,18,21.52
8/15/2021,24.1,13.6,17.6,46041.16,40079.34,8,27.12
8/16/2021,23.5,13.6,18,45984.57,42335.64,10,22.97
8/17/2021,21.9,13.7,17.1,45927.29,37890.39,19,22.08
8/18/2021,23.2,13.3,17.4,45869.27,32362.33,12,21.59
8/19/2021,25.3,14.2,18.8,45810.58,42307.02,13,24.32
8/20/2021,23.2,11.5,17.1,45751.26,41981.4,5,23.46
8/21/2021,19.6,12.9,15.7,45691.37,10800,17,10.56
8/22/2021,20.8,13.3,16.5,45630.94,33346.16,8,21.55
8/23/2021,22.3,11.5,16.1,45570.04,40229.85,7,24.2
8/24/2021,21.5,12.7,16.3,45508.7,32457.56,8,16.62
8/25/2021,23.3,12.5,17.1,45446.98,37645.03,6,21.85
8/26/2021,22.2,12.2,16.2,45384.92,41994.72,4,23.3
8/27/2021,19.8,11.5,15.2,45322.56,20340.65,4,13.82
8/28/2021,20,12.6,15.5,45259.96,10822.7,13,12.76
8/29/2021,19.8,11,15.8,45197.14,2987.06,6,11.98
8/30/2021,21,13.4,16.6,45134.17,33251.76,12,18.88
8/31/2021,20.5,12.9,16.4,45071.07,35359.58,13,19.38
9/1/2021,19.6,13.7,16.1,45007.9,29412.5,18,15.55
9/2/2021,20.4,13.9,16,44944.7,20282.22,23,14.18
9/3/2021,20.6,13.4,16.2,44881.49,27417.67,19,19.75
9/4/2021,22.7,14.1,17.1,44818.34,36000,14,23.08
9/5/2021,21.7,14.1,17,44755.19,38202.81,11,21.79
9/6/2021,19.7,13.8,16,44691.62,16783.1,22,13.17
9/7/2021,20,13.3,16,44627.61,23351.13,20,17.4
9/8/2021,21,12.1,15.9,44563.18,36431.34,13,21.18
9/9/2021,22.2,13.3,16.9,44498.4,36203.44,18,20.38
9/10/2021,20.5,13.4,16.5,44433.3,39822.19,3,18.45
9/11/2021,21.2,10.9,15.7,44367.92,39729.15,6,19.98
9/12/2021,21.3,13,16,44302.31,33424.43,12,17.4
9/13/2021,21.5,13.9,16.5,44236.52,32513.69,12,19.39
9/14/2021,22.2,12.1,16.4,44170.57,38687.05,4,21.76
9/15/2021,22.2,13.2,17.2,44104.52,38580.12,5,21.65
9/16/2021,22,14,17.7,44038.41,39137.63,5,22.68
9/17/2021,21.9,13.5,17.2,43972.26,28974.52,14,19.07
9/18/2021,21.5,14.2,17.1,43906.14,36000,19,20.64
9/19/2021,20,13.8,16,43840.07,25600.88,19,16.76
9/20/2021,21.5,12.4,16.4,43774.11,36132.87,14,22.54
9/21/2021,24.5,14.1,17.7,43708.28,38904.1,14,22.81
9/22/2021,22.1,11.5,16.6,43642.63,39800.57,10,23.24
9/23/2021,21.1,10,14.8,43577.21,34383.79,7,18.43
9/24/2021,21.7,12.6,16.3,43512.04,37850.88,10,17.82
9/25/2021,23.1,12.5,16.9,43447.09,37750.43,13,20.2
9/26/2021,22,12.6,16.7,43381.91,36166.75,9,21.16
9/27/2021,21.8,13.1,16.5,43316.47,32407.75,14,20.36
9/28/2021,21.2,11.9,16.5,43250.8,36134.03,3,21.4
9/29/2021,21,12.6,16.7,43184.96,36422.15,7,19.88
9/30/2021,21.6,11.9,16.4,43118.99,36554.84,15,19.67
10/1/2021,21.4,11.9,16.4,43052.93,37483.92,8,21.55
10/2/2021,21.8,12.6,16.7,42986.82,39300.85,16,21.33
10/3/2021,23,12.5,17.2,42920.72,38650.96,16,20.36
10/4/2021,21.8,13.4,16.8,42854.67,36492.47,19,19.07
10/5/2021,21.3,13.1,16.4,42788.71,36200.5,12,19.34
10/6/2021,20.7,13.2,16,42722.89,30425.95,10,17.07
10/7/2021,22.9,11.8,16.1,42657.25,36706.14,3,22.63
10/8/2021,22.1,9.2,15.4,42591.84,38996.58,0,20.78
10/9/2021,22.1,11.7,16.3,42526.7,36884.73,5,21.26
10/10/2021,23.6,11.2,17.1,42461.89,39447.2,3,22.75
10/11/2021,24,12.5,17.5,42397.45,39446.23,3,22.4
10/12/2021,24.9,11.5,17.6,42333.43,39395.95,2,24.02
10/13/2021,24.5,9.7,16.1,42269.88,39300.49,0,24.61
10/14/2021,24,12.5,17.6,42206.83,39178.12,3,23
10/15/2021,26.1,11.3,17.4,42144.27,39132.54,2,23.5
10/16/2021,23.1,10.2,16.4,42081.68,39087.62,0,21.46
10/17/2021,19.9,12.5,15.5,42019.04,31637.14,9,14.84
10/18/2021,22,8.1,14,41956.39,34467.48,3,19.78
10/19/2021,23.6,9.2,15.7,41893.79,38431.5,1,23.05
10/20/2021,23.2,11.7,16.8,41831.28,38910.86,4,20.71
10/21/2021,23.8,12.3,16.9,41768.93,35161.45,5,19.1
10/22/2021,21.5,12.4,16.4,41706.77,29787.88,7,16.48
10/23/2021,20.8,11.9,15.6,41644.88,31528.21,4,16.93
10/24/2021,21.3,13,15.8,41583.3,36000,9,18
10/25/2021,22.9,10.5,15.3,41522.09,26343.75,2,15.86
10/26/2021,24.5,9.1,15.8,41461.3,37450.39,0,21.63
10/27/2021,24,9.2,16.1,41400.98,38622.93,1,21.69
10/28/2021,22,11.1,16,41341.21,38585.09,6,20.08
10/29/2021,20.8,10.8,15.2,41282.04,28883.71,11,15.45
10/30/2021,21.6,10.6,15.4,41223.52,38412.47,4,21.16
10/31/2021,22.4,8.3,14.7,41165.71,33703.88,2,20.26
11/1/2021,21.8,9.9,15.6,41108.68,36000,0,19.04
11/2/2021,23.6,7.7,15,41052.5,37197.8,0,22.35
11/3/2021,23.4,6.8,14.3,40997.21,38350.91,0,21.81
11/4/2021,23,7.9,14.9,40942.79,38291.19,0,22.47
11/5/2021,22.8,6.9,13.9,40888.73,38231.97,0,20.97
11/6/2021,22.5,6.1,14.3,40834.98,38173,0,22.37
11/7/2021,23.1,7.5,14.5,40781.6,36578.12,0,21.08
11/8/2021,23.9,8.2,15.2,40728.65,37825.83,0,20.62
11/9/2021,24.2,9.5,16,40676.19,37998.19,0,22.22
11/10/2021,24.7,8.3,15.6,40624.28,37940.86,0,21.36
11/11/2021,24.4,9,15.9,40572.97,37884.11,0,21.64
11/12/2021,22,6.2,14.4,40522.34,37827.99,0,22.15
11/13/2021,21.4,6.5,13.3,40472.43,37772.6,0,21.43
11/14/2021,21.2,7.7,13.3,40423.32,37717.99,0,20.01
11/15/2021,22.1,6.7,13.7,40375.07,37664.27,1,21.54
11/16/2021,22.1,5.8,13.1,40327.74,37214.72,0,19.48
11/17/2021,22.5,6.2,14.1,40281.39,37559.68,0,19.48
11/18/2021,22.8,8.5,15.4,40236.11,36580.1,0,19.8
11/19/2021,19.6,11.6,14.7,40191.95,34447.22,3,13.31
11/20/2021,22.4,8.7,14.3,40148.97,35879.02,1,19.22
11/21/2021,22.6,9.9,15.5,40107.25,32504.51,0,17.27
11/22/2021,22.7,10.5,15.8,40066.86,28977.91,4,15.06
11/23/2021,20.8,11.2,15.3,40027.86,36005.11,8,13.83
11/24/2021,20.8,9.3,14.8,39990.25,36526.71,2,17.48
11/25/2021,22.2,10.8,15.3,39953.59,37190.45,0,18.18
11/26/2021,22.1,10.1,16.2,39917.86,36529.74,4,18.45
11/27/2021,23,7.9,14,39883.09,36092.81,0,19.79
11/28/2021,23.8,9.3,15.8,39849.33,37071.78,0,20.04
11/29/2021,23.4,9.8,15.6,39816.62,37034.51,0,19.31
11/30/2021,24.1,6.3,14.5,39785.02,36998.45,0,19.97
12/1/2021,25.1,8.9,16.3,39754.56,36963.69,0,17.8
12/2/2021,24,8.8,15.7,39725.28,36654.51,0,20.31
12/3/2021,23.9,5.5,14.5,39697.25,36898.22,0,20.15
12/4/2021,24.3,6.6,15,39670.49,35849.39,0,19.93
12/5/2021,23.5,7.7,15.1,39645.06,35660.31,0,19.23
12/6/2021,24.5,7.7,15.6,39621,36810.98,0,19.99
12/7/2021,25,8.2,16.5,39598.36,36785.04,0,20.07
12/8/2021,25,10.7,16.7,39577.19,36760.76,0,19.83
12/9/2021,24.6,8.5,16.6,39557.53,36738.2,0,19.72
12/10/2021,24.3,8.7,16.4,39539.42,36717.4,0,19.79
12/11/2021,23.8,8.9,16,39522.91,36698.42,0,20.04
12/12/2021,22.5,7.8,14.5,39508.05,36681.32,0,18.66
12/13/2021,23.7,9.4,15.8,39494.88,35835.91,0,18.75
12/14/2021,22.9,8.7,15.2,39483.4,36489.48,0,18.93
12/15/2021,23.1,8.4,14.8,39473.48,34825.1,0,18.33
12/16/2021,23.6,9.5,15.9,39465.08,35263.81,1,18.66
12/17/2021,23.3,8,15.7,39458.2,36622,1,18.27
12/18/2021,21.5,8.2,15.2,39452.85,36615.29,0,17.49
12/19/2021,22.2,10.4,15.5,39449,36610.34,0,16.86
12/20/2021,20.4,8.5,14.4,39446.67,36607.15,1,16.33
12/21/2021,21.4,7.9,14,39445.86,33554.01,0,16.41
12/22/2021,23.2,4.8,13.8,39446.55,35789.9,0,19.3
12/23/2021,23.8,5.4,14.3,39448.75,36608.12,0,19.84
12/24/2021,25.3,7.2,15.8,39452.44,36611.95,0,19.75
12/25/2021,26.1,7.7,16.6,39457.63,36617.51,0,19.97
12/26/2021,25.8,5.1,15.9,39464.31,36624.82,0,20.41
12/27/2021,25.7,6.7,16.6,39472.48,36633.84,0,20.02
12/28/2021,24.1,6.7,14.8,39482.11,36644.59,0,19.48
12/29/2021,25,5.2,13.7,39493.22,36657.04,0,20.15
12/30/2021,24.3,8.6,14.6,39505.79,36671.2,0,20.11
12/31/2021,24.5,7.5,15.3,39519.82,36687.04,0,20.24
1/1/2022,24.8,6.2,14.4,39535.29,36704.55,0,20.15
1/2/2022,24.5,9,16.5,39552.19,36723.74,0,20.01
1/3/2022,22.9,7.7,13.1,39570.57,30504.03,0,17.66
1/4/2022,24.6,6.8,15.1,39590.62,36766.57,0,20.08
1/5/2022,24.7,9.9,16.5,39612.33,36790.62,0,19.38
1/6/2022,24.4,8.1,15.8,39635.65,36816.51,1,18.71
1/7/2022,22.8,8.7,13.8,39660.54,30011.64,3,16.62
1/8/2022,21.7,6.3,13.4,39686.94,33494.15,2,17.95
1/9/2022,22.6,7.4,14.2,39714.79,35395.21,2,19.36
1/10/2022,20.8,8.2,13.6,39744.04,34437.91,4,14.77
1/11/2022,19.2,8.8,13,39774.65,32603.25,0,14.64
1/12/2022,21.4,5.6,11.8,39806.56,35131.55,0,18.39
1/13/2022,21.5,5.5,13.3,39839.71,35816.55,0,17.57
1/14/2022,21.9,7.4,14.2,39874.06,33827.46,0,20.73
1/15/2022,21.2,4.5,12.8,39909.56,37122.31,3,18.21
1/16/2022,19.5,6.9,12.3,39946.15,35499.42,3,16.35
1/17/2022,19.6,6,12,39983.79,32400,2,17.88
1/18/2022,21.4,4.6,12.4,40022.41,37248.57,2,19.73
1/19/2022,21.9,6.2,14,40061.98,37292.84,0,19.6
1/20/2022,22.1,8.9,15,40102.45,37018.55,0,17.06
1/21/2022,20.9,8.7,14.3,40143.76,35372.88,0,14.72
1/22/2022,21.6,8.3,14.4,40185.87,37276.14,6,17.6
1/23/2022,21.8,6.1,12.8,40228.8,35817.62,0,19.32
1/24/2022,21.8,6.1,14.2,40273.05,37324.67,0,18.58
1/25/2022,23.1,5.6,13.6,40318.59,37478.71,0,21.28
1/26/2022,22.9,6.6,13.8,40365.38,37497.55,0,21.54
1/27/2022,23.8,8.6,15.4,40413.34,37506.43,0,20.8
1/28/2022,22.8,8.3,15.6,40462.39,37527.37,0,20.39
1/29/2022,21.4,6.6,12.4,40512.47,37447.05,2,19.98
1/30/2022,22.8,7.1,14.2,40563.51,37557.67,2,21.06
1/31/2022,24.1,6.3,15,40615.45,37610.41,0,19.98
2/1/2022,24,5.6,14.7,40668.22,37631.61,0,22.1
2/2/2022,24.4,7.2,15.1,40721.74,37692.76,0,22.2
2/3/2022,23.5,6,14.9,40775.96,37718.04,0,21.79
2/4/2022,24.2,8,15.4,40830.82,37666.26,0,22.05
2/5/2022,21.5,4,12.1,40886.25,37769.92,0,21.02
2/6/2022,23,6.6,14.5,40942.2,37796.52,3,20.61
2/7/2022,21.7,7.8,14.1,40998.59,34334.69,1,18.1
2/8/2022,18.6,6.6,11.6,41055.37,33883.78,4,18.53
2/9/2022,20.4,4.7,11.7,41112.47,37994.54,0,22.78
2/10/2022,22,3.9,12.9,41169.86,37847.37,0,21.18
2/11/2022,22.1,2.7,12.2,41227.45,38184.64,0,23.65
2/12/2022,20.9,5.1,13.2,41285.3,37904.25,0,21.45
2/13/2022,19.6,8.8,13.6,41343.94,30994.3,0,17.92
2/14/2022,21.3,5.4,11.5,41403.4,35682.34,2,19.82
2/15/2022,20.6,7.1,13.8,41463.62,38003.19,2,20.92
2/16/2022,23.2,7.4,15.6,41524.55,38165.25,0,21.88
2/17/2022,25.4,6.4,15.6,41586.11,38493.61,0,23.9
2/18/2022,25.3,8.5,17.2,41648.25,38462.19,1,23.62
2/19/2022,25.2,7.6,16.2,41710.92,38732.88,0,23.56
2/20/2022,25.2,6.7,15.7,41774.05,38935.18,0,24.21
2/21/2022,26.5,8.9,17.5,41837.59,39143.43,0,24
2/22/2022,27,9.8,18.2,41901.47,38714.2,0,24.19
2/23/2022,28.5,11.9,19.8,41965.66,38922.8,0,25.07
2/24/2022,26.3,8.7,18.1,42030.09,39385.54,0,25.48
2/25/2022,26.1,9.6,17.7,42094.7,39187.25,0,24.38
2/26/2022,26.2,9.2,17,42159.45,39323.16,0,24.63
2/27/2022,25.9,8.9,17.9,42224.28,38769.54,0,25.9
2/28/2022,24.4,4.9,14.5,42289.13,39705.84,0,26.32
3/1/2022,25.9,6.1,16.1,42353.97,39773.64,0,26.37
3/2/2022,26.4,7.3,17,42418.73,39841.23,0,26.79
3/3/2022,27.2,8.1,17.6,42483.36,39908.54,0,26.23
3/4/2022,26.6,8.5,17.8,42547.91,39722.03,0,25.35
3/5/2022,25.6,9,17.6,42612.87,40043.29,0,25.16
3/6/2022,26.5,9.6,18.2,42678.3,40107.39,0,24.7
3/7/2022,25.6,10.9,18.6,42744.13,39691.73,2,22.81
3/8/2022,25.3,10.3,17.9,42810.34,38268.36,5,22.91
3/9/2022,26.8,7.4,17.1,42876.86,40316.36,0,26.5
3/10/2022,27.5,9.2,17.7,42943.65,40385.05,0,27.1
3/11/2022,28,6.2,17.5,43010.66,40453.8,0,27.28
3/12/2022,26.2,10.4,17.4,43077.86,40522.58,0,26.26
3/13/2022,27.3,3.6,12.8,43145.18,40591.33,0,26.09
3/14/2022,28.7,9.2,18.3,43212.58,38021.64,1,24.74
3/15/2022,25.3,10.7,18.2,43280.03,38727.25,1,23.53
3/16/2022,24,8.8,15.2,43347.47,39696.38,2,24.11
3/17/2022,24.4,8.4,16.4,43414.86,40122.12,3,24.69
3/18/2022,25.8,8.4,17.4,43482.14,40174.89,0,26.37
3/19/2022,25.4,9.5,17.6,43549.29,41000.59,0,24.3
3/20/2022,25.2,8.9,16.8,43616.24,41067.84,2,24.92
3/21/2022,26.3,10.5,17.9,43682.95,41134.67,0,25.52
3/22/2022,26.8,9.2,17.8,43749.39,41190.52,0,24.29
3/23/2022,27.2,8.7,18,43815.49,39600,0,27.89
3/24/2022,26.2,7.5,16.4,43881.3,41222.5,0,28.61
3/25/2022,25.7,7.4,16.2,43947.29,41238.37,0,26.77
3/26/2022,25.7,7.7,16.4,44013.49,38401.78,0,27.51
3/27/2022,26.6,8,16.9,44079.88,41272.12,0,27.26
3/28/2022,27.4,10.2,19,44146.39,39600.19,0,27.68
3/29/2022,29.7,10.4,19.6,44212.99,41299.09,0,27.55
3/30/2022,31.4,11.6,21,44279.64,41172.98,0,28.54
3/31/2022,29.6,11.6,20.5,44346.29,41402.08,0,28.55
4/1/2022,30,12.7,21.1,44412.91,41418.11,0,28.14
4/2/2022,30.9,13.6,21.6,44479.43,41289.56,0,26.61
4/3/2022,30,13,21.3,44545.83,41501.76,0,26.68
4/4/2022,29.5,11.7,20.7,44612.06,41241.57,0,27.58
4/5/2022,30.1,11.6,20.4,44678.07,41595.24,0,28.56
4/6/2022,28.7,10.4,19.8,44743.81,41677.68,0,28.94
4/7/2022,27.8,14.1,20.4,44809.25,41630.16,2,26.23
4/8/2022,23.5,7.8,14.7,44874.33,39834.12,2,22.63
4/9/2022,22.7,9.4,15.9,44939,39877.37,3,24.27
4/10/2022,25.6,9.4,16.7,45003.22,38170.8,3,25.65
4/11/2022,27.7,10.6,18.7,45066.94,40730.38,1,26.86
4/12/2022,26.5,12.5,19.4,45130.11,41786.91,3,24.54
4/13/2022,27.9,11.6,19.4,45192.76,41733.25,1,25.54
4/14/2022,28.4,15,21.4,45255.34,39915.76,0,25.14
4/15/2022,29.6,14.8,21.9,45317.88,39236.74,1,24.08
4/16/2022,30.4,13.9,22.2,45380.36,41203.07,1,26.29
4/17/2022,31.6,13.9,22.6,45442.7,41665.29,1,28.68
4/18/2022,30.7,14,22.7,45504.88,42719.91,0,26.9
4/19/2022,25.6,13.7,18.6,45566.85,33798.57,6,22.24
4/20/2022,26.1,10.6,18,45628.56,41298.29,1,27.35
4/21/2022,25.3,11.1,18,45689.96,40500.43,4,26.3
4/22/2022,25.8,10.3,17.3,45751.01,42293.23,3,26.82
4/23/2022,25.6,11,17.9,45811.66,42970.95,5,26.22
4/24/2022,27,11.8,18.8,45871.87,41183.42,2,26.63
4/25/2022,26.6,11.1,18.7,45931.57,37593.24,4,25.99
4/26/2022,22.7,12.2,17.2,45990.72,39627.02,5,21.93
4/27/2022,23.6,11.3,16.4,46049.27,40934.53,0,27.22
4/28/2022,24.7,10.8,17.1,46107.17,42094.14,4,25.36
4/29/2022,26.7,10.6,19.1,46164.36,41207.06,0,24.38
4/30/2022,26.9,11.5,19.7,46220.78,43503.43,0,24.31
5/1/2022,27.3,14.3,21,46276.39,38352.35,0,22.04
5/2/2022,30.5,11.9,21.4,46331.12,43678.45,0,27.82
5/3/2022,29.9,12.8,21.6,46385,40435.52,0,27.26
5/4/2022,29.5,13.3,21.2,46438.45,41517.61,3,25.89
5/5/2022,30.4,13.4,21.6,46491.49,43092.8,1,27.77
5/6/2022,30.5,15,22.1,46544.08,36664.7,2,24.33
5/7/2022,29.1,13.4,21.3,46596.17,37984.88,1,26.22
5/8/2022,29,13.1,21.5,46647.72,41612.88,3,23.61
5/9/2022,31.1,12.8,21.6,46698.68,41637.67,0,27.51
5/10/2022,32.4,15.4,22.6,46749,40552.45,0,28.27
5/11/2022,27.7,13.4,20.7,46798.63,44106.7,1,26.86
5/12/2022,29,10.8,19.1,46847.53,44151.2,0,29.6
5/13/2022,29.1,12.6,20.2,46895.64,44194.95,0,29.56
5/14/2022,31.2,12.1,21.1,46942.91,44237.88,0,29
5/15/2022,29.3,13.7,21.2,46989.28,44279.95,0,27.79
5/16/2022,28.9,11.8,20,47034.72,44321.14,0,30.15
5/17/2022,29.6,11.9,20.9,47079.16,44361.38,0,29.89
5/18/2022,30,12.3,21.9,47122.55,44400.64,0,28.9
5/19/2022,30.5,14.3,22.8,47164.84,39301.79,0,25.92
5/20/2022,29.9,13.9,22.2,47205.98,40429.16,0,26.77
5/21/2022,30.5,15,22.8,47245.9,44512.04,0,27.26
5/22/2022,28.5,16.1,22.1,47284.55,44546.9,2,23.98
5/23/2022,26.4,13.4,19,47321.94,37876.61,4,22.64
5/24/2022,26.5,12.6,18.3,47358.38,37149.39,11,23.13
5/25/2022,28.6,10.8,19.2,47393.9,44644.82,0,25.99
5/26/2022,29.2,13.2,20.9,47428.46,41081.29,1,25.51
5/27/2022,28.9,11.7,20.2,47462.03,40485.7,1,28.33
5/28/2022,28.5,11.8,19.6,47494.57,43864.55,0,28.66
5/29/2022,27.6,12.7,20.1,47526.05,39920.08,2,27.01
5/30/2022,29.7,13.8,20.6,47556.44,41190.05,0,26.92
5/31/2022,28,13.5,20.1,47585.7,41963.62,1,24.77
6/1/2022,26.8,13.8,19.5,47613.8,42721.22,10,25.14
6/2/2022,24.1,11.9,18.6,47640.7,44774.85,7,24.4
6/3/2022,28,11.7,19.1,47666.36,44888.39,3,29.1
6/4/2022,29.4,12.2,20.1,47690.75,44910.25,0,27.46
6/5/2022,28.7,15,21.5,47713.84,38369.26,1,24.79
6/6/2022,30.8,14.7,21.8,47735.59,37733.18,1,28.66
6/7/2022,29.1,13.5,21.4,47755.97,44968.87,0,29.79
6/8/2022,28.4,15.2,20.8,47774.95,44985.98,4,26.16
6/9/2022,23,14.7,17.8,47792.47,34538.55,14,21.06
6/10/2022,24.7,13.5,17.5,47808.53,39238.38,8,25.3
6/11/2022,25.3,13.3,18.2,47823.08,43639.18,7,26.01
6/12/2022,24.1,12,17.8,47836.11,45041.47,3,27.1
6/13/2022,23.8,11.7,17.2,47847.72,43154.95,3,25.01
6/14/2022,23.8,13.2,17.7,47857.95,42541.86,6,21.71
6/15/2022,22.5,13.9,16.8,47866.78,31998.51,11,19
6/16/2022,23.1,12,16.6,47874.21,38290.6,7,21.85
6/17/2022,23.7,11.9,17.2,47880.25,43884.26,7,24.54
6/18/2022,22.8,12,16.3,47884.9,39472.59,6,25.41
6/19/2022,23.9,13.1,16.7,47888.16,35660.74,12,22.27
6/20/2022,25,10.4,16.8,47890.03,41229.96,4,25.24
6/21/2022,23.2,13.4,17.6,47890.5,38524.41,13,20.7
6/22/2022,21.3,13.2,16.4,47889.59,33445.71,13,18.59
6/23/2022,22.7,12.6,16.2,47887.29,30982.12,6,22.05
6/24/2022,22,11.6,16.1,47883.62,42487.2,4,25.16
6/25/2022,21.8,12,16.3,47878.57,37035.95,4,22.17
6/26/2022,23.3,11.5,16.4,47872.14,36325.25,16,25.61
6/27/2022,22.1,12,16.5,47864.36,41359.72,6,22.1
6/28/2022,22.2,13,16.6,47855.2,37619.46,15,22.9
6/29/2022,24.2,13.3,17,47844.7,36078.53,10,25.86
6/30/2022,24.1,12.1,17.5,47832.84,43645.05,3,26.6
7/1/2022,23.1,13.1,17.7,47819.63,45031.98,5,24.17
7/2/2022,24.2,13,17.7,47805.06,37301.55,8,25.78
7/3/2022,25.6,13.6,18.3,47788.98,37713.86,6,25.58
7/4/2022,23.7,12.8,17.8,47771.4,44990.21,9,24.05
7/5/2022,23.3,13.1,17.3,47752.36,35619.15,4,22.08
7/6/2022,24.4,12.7,17.5,47731.88,41606.83,11,25.16
7/7/2022,21.2,13.1,16.7,47710.02,37158.27,10,20.75
7/8/2022,24,12.7,17,47686.8,40081.78,10,24.12
7/9/2022,23.7,13.5,17.2,47662.27,40505.16,13,23.27
7/10/2022,23.5,11.6,16.7,47636.47,42341.51,4,27.03
7/11/2022,23.2,13.1,17.6,47609.43,43896.7,5,25.33
7/12/2022,24.6,12,17.4,47581.19,37886.02,9,26.14
7/13/2022,24.1,12.2,17.6,47551.79,44797.72,8,26.41
7/14/2022,23.5,12.9,16.9,47521.26,41396.45,14,24.73
7/15/2022,22.9,12.7,16.8,47489.66,40061.78,10,21.79
7/16/2022,22.1,11.5,16.1,47457,40039.91,10,22.12
7/17/2022,22.5,12.4,15.9,47423.34,34583.7,8,22.8
7/18/2022,21.8,11.8,15.7,47388.7,27400.58,5,20.17
7/19/2022,24.7,12.3,17.2,47353.13,37727.55,3,24.94
7/20/2022,26.2,12.8,18.6,47316.67,44590.21,3,26.03
7/21/2022,26.4,11.5,18.5,47279.35,44557.14,1,28.76
7/22/2022,25.2,12.2,18,47241.14,43990.16,3,27.01
7/23/2022,22.9,12.5,16.8,47201.7,43640.28,4,25.53
7/24/2022,23.8,11.9,16.7,47161.05,41763.33,5,24.42
7/25/2022,21.8,13,16.2,47119.22,27451.07,15,18.28
7/26/2022,23.5,12.2,16.9,47076.28,40872.47,4,26.66
7/27/2022,21.2,12.8,16.6,47032.27,39063.67,7,23.49
7/28/2022,22.6,11.1,15.7,46987.27,43426.27,4,25.26
7/29/2022,21.1,12.8,16.3,46941.31,31549.15,11,19.09
7/30/2022,23.6,12.7,16.8,46894.45,42265.77,12,26.64
7/31/2022,21.6,11.5,16.2,46846.74,43103.78,5,25.68
8/1/2022,21.9,11.8,16.1,46798.25,40698.73,12,22.56
8/2/2022,22.5,11.5,16.2,46749,40243.33,10,24.15
8/3/2022,23.3,11.8,17.2,46699.06,39463.61,5,26.39
8/4/2022,25.1,13,18,46648.48,42934.94,8,25.79
8/5/2022,24.2,11.9,17.2,46597.32,43699.87,2,26.25
8/6/2022,23.6,10.9,16.7,46545.6,43762.14,1,26.92
8/7/2022,23.5,12,17.1,46493.38,39883.83,5,23.94
8/8/2022,22.8,11.4,16.4,46440.71,39690.77,10,25.13
8/9/2022,22.3,11.9,15.7,46387.64,33482.37,11,21.34
8/10/2022,23.6,12.6,16.5,46334.21,34270.89,7,23.21
8/11/2022,24.1,12.3,17.2,46280.38,41030.83,6,23.82
8/12/2022,24.2,12.7,17.6,46225.76,40124.63,15,23.84
8/13/2022,21.6,12.3,16.3,46170.31,35962.66,10,21.46
8/14/2022,21.8,11.8,16,46114.09,34366.76,6,22.04
8/15/2022,22.1,11.3,16.2,46057.15,37952.11,5,22.78
8/16/2022,20.8,12,15.7,45999.54,30895.45,11,19.94
8/17/2022,22.3,12.6,16.3,45941.33,33260.44,6,23.75
8/18/2022,22.1,12,16.3,45882.55,38149.62,10,22.86
8/19/2022,22.5,12,16.3,45823.25,35120.54,4,22.86
8/20/2022,21.5,11.5,16.4,45763.48,32601.86,6,20.62
8/21/2022,20.8,13.4,16.4,45703.3,29715.68,21,19.51
8/22/2022,22.7,12,16.4,45642.75,42446.5,9,23.97
8/23/2022,23.2,12.4,16.7,45581.87,42145.68,4,25.41
8/24/2022,23.5,11.3,16.8,45520.71,41810.74,6,24.16
8/25/2022,24.9,12.6,17.1,45459.32,40997.65,10,26.99
8/26/2022,22.6,10.7,16.6,45397.75,42257.31,8,26.18
8/27/2022,21.8,11.8,16.3,45336.02,40554.3,2,24.93
8/28/2022,22.7,12.7,17.1,45274.2,34781.86,8,20.87
8/29/2022,22,11.1,15.6,45212.31,31374.97,8,20.84
8/30/2022,23.4,10.4,16.3,45150.4,39053.28,5,24.25
8/31/2022,24.7,13.3,17.6,45088.45,40980.42,8,23.85
9/1/2022,24.7,13.4,17.9,45026.01,41269.62,9,25.7
9/2/2022,24.6,12.7,18.1,44963.06,41273.8,4,24.6
9/3/2022,23.4,13.6,17.4,44899.65,40933.47,9,21.93
9/4/2022,21.6,12.9,16.7,44835.82,36124.87,4,19.06
9/5/2022,21.9,11.7,16.2,44771.62,34254.85,11,18.68
9/6/2022,20.9,12.2,16.1,44707.09,31358.26,6,19.68
9/7/2022,22,13.4,16.3,44642.27,28964.6,18,17.75
9/8/2022,21.1,12.9,16.3,44577.2,33978.78,20,19.94
9/9/2022,23.2,10.3,16.4,44511.94,37355.93,3,27.1
9/10/2022,23.7,9.3,15.9,44446.51,41313.1,1,26.77
9/11/2022,23.5,11.7,16.9,44380.97,37343.98,7,20.71
9/12/2022,21.2,13.1,16.7,44315.35,37289.5,9,19.45
9/13/2022,21.7,12.4,16.6,44249.7,39175.87,11,21.54
9/14/2022,24.2,11.8,16.5,44184.05,36680.19,12,23.08
9/15/2022,21.4,12.4,16.3,44118.44,38876.33,13,17.46
9/16/2022,20.2,13.3,15.8,44052.93,20135.51,12,13.67
9/17/2022,21.6,13.1,16.1,43987.53,36061.11,7,20.48
9/18/2022,20.4,13,16,43922.3,27908.12,19,17.57
9/19/2022,22.8,13.4,16.6,43857.28,36000,18,21.32
9/20/2022,21.8,12.4,15.9,43792.42,36000,11,21.5
9/21/2022,21.9,12.7,16.3,43727.29,36156.55,10,20.55
9/22/2022,22.7,11.8,16.4,43661.84,39081.62,4,24.11
9/23/2022,22.1,11.5,16.1,43596.13,39859.26,3,23.23
9/24/2022,22.6,12.8,16.7,43530.2,35131.24,5,22.18
9/25/2022,21.8,14.3,16.7,43464.08,24307.52,15,15.89
9/26/2022,22,11.4,15.9,43397.83,36430.75,18,20.87
9/27/2022,21.6,12.1,15.8,43331.48,38128.52,12,20.38
9/28/2022,20.6,12.3,15.7,43265.09,39600,9,19.62
9/29/2022,22.3,9.7,14.6,43198.69,30415.44,5,18.76
9/30/2022,21.2,9.9,14.1,43132.34,38549.63,0,23.6
10/1/2022,23.2,7.7,13.8,43066.05,38466.97,0,24.06
10/2/2022,23.7,8.2,14.6,42999.89,39674.28,3,24.9
10/3/2022,22.3,8.3,14.5,42933.91,39616.75,1,24.46
10/4/2022,21.5,10.5,15.7,42868.14,39600,3,22.91
10/5/2022,20.7,11.2,15.3,42802.61,36803.61,6,17.87
10/6/2022,21.2,12.4,15.5,42737.4,25200,11,17.79
10/7/2022,22.2,11.6,15.7,42672.53,34733.1,9,21.86
10/8/2022,21,12.5,15.7,42608.05,39507.54,7,20.45
10/9/2022,19.4,10.3,14.5,42544.01,26516.45,7,15.84
10/10/2022,19.8,10.1,14.4,42480.36,25068.43,7,15.44
10/11/2022,20,11.3,14.8,42416.62,21943.8,7,11.76
10/12/2022,23.3,11.9,16.4,42352.78,38681.36,7,18.91
10/13/2022,23.4,9.1,15.7,42288.84,39242.7,1,23.89
10/14/2022,23.1,9.7,15.6,42224.89,39195.28,0,24.18
10/15/2022,24,10.5,16.1,42160.96,37414.13,0,22.49
10/16/2022,24.7,12.2,17.3,42097.11,36654.11,2,21.62
10/17/2022,23.5,13.1,17.1,42033.38,30096.66,6,18.18
10/18/2022,22.2,12.6,16,41969.83,22042.1,17,14.82
10/19/2022,18.6,11.8,14.7,41906.52,23398.83,9,12.84
10/20/2022,20.2,8.7,13.2,41843.48,36000,4,20.37
10/21/2022,19.8,10.3,14.7,41780.78,31830.15,3,14.59
10/22/2022,22.7,9.4,15.7,41718.46,32400,4,19.55
10/23/2022,24.5,11.6,17.3,41656.59,36000,0,21.43
10/24/2022,25.9,13.2,18.7,41595.22,38747.84,3,22.26
10/25/2022,25.3,12.8,18.1,41534.41,38711.85,0,22.84
10/26/2022,25.4,12.4,18.1,41474.2,38668.01,0,20.51
10/27/2022,23.5,12.1,17.5,41414.66,35267.6,4,17.77
10/28/2022,26,10.7,17.4,41355.85,37318.23,0,20.96
10/29/2022,23.5,12.5,17.6,41297.83,38557.14,5,18.33
10/30/2022,24,10.5,16.9,41240.55,38005.15,3,18.77
10/31/2022,23.5,9.4,16.2,41183.52,38489.66,4,19.55
11/1/2022,24.8,10.9,17,41126.68,37868.51,1,21
11/2/2022,24.9,11.4,17.7,41070.08,38425.58,2,22.54
11/3/2022,24.6,10.7,16.8,41013.8,37794.38,0,20.79
11/4/2022,26.1,11,17.6,40957.88,38207.18,0,19.51
11/5/2022,25.1,11.8,17.6,40902.38,38247.38,0,20.27
11/6/2022,25.6,10.8,17.9,40847.38,38187.07,0,20.93
11/7/2022,25.6,8.9,17.9,40792.91,38127.25,0,22.99
11/8/2022,24.5,10.3,16.8,40739.06,38067.98,0,21.65
11/9/2022,24.2,10.1,16,40685.87,38009.34,0,21.61
11/10/2022,25.3,9.2,16.6,40633.41,37161.66,0,21.16
11/11/2022,26.5,10,17.3,40581.75,37894.23,0,22.29
11/12/2022,25.6,9.6,17,40530.95,37837.91,0,21.33
11/13/2022,25.3,10.2,16.6,40481.07,37782.51,0,20.62
11/14/2022,25.8,8.8,17.1,40432.2,37728.11,0,21.51
11/15/2022,25.7,10.5,17.9,40384.38,37674.78,0,21.14
11/16/2022,24.4,9.4,16.1,40337.68,36755.15,0,19.88
11/17/2022,24.5,8.7,16.3,40292.19,37571.69,0,20.36
11/18/2022,22.8,10.5,15.9,40247.96,37060.46,1,18.66
11/19/2022,24.1,9,16,40204.98,31825.95,2,17.23
11/20/2022,20,12.3,15.4,40162.79,26764.88,3,14.62
11/21/2022,22.2,8.4,14.1,40121.34,35351.05,1,16.94
11/22/2022,22,10.2,14.9,40080.69,34064.57,4,18.1
11/23/2022,22.3,9,15.1,40040.89,36097.98,3,17.11
11/24/2022,23.4,10,16.3,40001.98,32739.66,0,16.52
11/25/2022,24.4,11,16.5,39964.02,35308.45,2,18.9
11/26/2022,24,8.6,16.2,39927.06,37160.01,1,19.63
11/27/2022,24.6,9.1,16.5,39891.17,37119.33,2,19.37
11/28/2022,22.7,10.8,16.9,39856.38,36807.81,2,18.12
11/29/2022,23.9,8.2,15.7,39822.75,35368.09,1,18
11/30/2022,25,11.4,17.3,39790.35,35610.47,1,16.49
12/1/2022,22.3,10.8,16,39759.21,36321.1,1,19.13
12/2/2022,23.5,8.2,14.6,39729.41,35831.33,0,18.21
12/3/2022,24.3,10.3,16.2,39700.98,36257.11,3,16.89
12/4/2022,22.1,7.7,14.7,39673.99,36872.31,0,19.9
12/5/2022,23.8,7.6,14.6,39648.5,35279.92,0,19.21
12/6/2022,24.6,8.6,16.7,39624.54,36815.8,0,19.59
12/7/2022,25.6,9.3,16.8,39602.19,36790.21,0,20.61
12/8/2022,22.4,5.4,13.9,39581.5,35886.88,0,19.94
12/9/2022,22.9,8.7,14.6,39562.48,35098.91,0,18.35
12/10/2022,22.8,7.3,14.6,39544.87,35514.57,0,18.33
12/11/2022,23.2,7.7,15.3,39528.65,36704.73,0,19.97
12/12/2022,22.6,6.7,14.6,39513.84,36687.27,0,19.73
12/13/2022,22.8,7.2,14.7,39500.45,36671.45,0,19.84
12/14/2022,24.1,5,14.3,39488.49,36657.29,0,20.25
12/15/2022,23.6,7.4,14.2,39477.96,36644.8,0,19.84
12/16/2022,24.5,7,14.4,39468.9,36633.99,0,19.56
12/17/2022,23.3,7.5,14.7,39461.3,34913.63,0,19.17
12/18/2022,23.2,7.3,15,39455.18,34218.73,0,18.62
12/19/2022,23.2,8.6,15.2,39450.54,36611.86,0,19.45
12/20/2022,23.2,7.2,15.3,39447.4,36607.95,0,19.22
12/21/2022,21.2,5.5,12,39445.77,34804.7,0,17.3
12/22/2022,22.5,7.1,14.7,39445.66,36605.38,0,18.61
12/23/2022,20.7,10.6,15.4,39447.06,35229.18,2,16.13
12/24/2022,20.2,6.4,12.5,39450,35100.89,0,15.74
12/25/2022,16.3,6.7,12.1,39454.48,31202.96,5,13.87
12/26/2022,17.5,5.4,10.3,39460.51,32319.7,3,16.05
12/27/2022,18.6,5.2,11.6,39468.09,36630.09,0,18.93
12/28/2022,20.2,3.6,11,39477.22,36640.43,0,18
12/29/2022,20.9,3.3,11.1,39487.94,32727.67,0,15.88
12/30/2022,20.1,6.4,12.3,39500.36,31622.19,1,14.85
12/31/2022,20.9,9.2,14.1,39514.47,34640.74,5,16.67
1/1/2023,20.4,6.7,12.9,39530.22,36698.57,0,17.61
1/2/2023,21.2,6.1,13,39547.58,36717.72,0,16.74
1/3/2023,22.3,6,13.9,39566.49,35202.1,0,18.41
1/4/2023,22.7,6.8,13.8,39586.93,36761.37,0,19.99
1/5/2023,22.1,8.3,14.4,39608.84,35463.48,0,19.08
1/6/2023,21.8,6.8,13.9,39632.2,36256.46,0,19.48
1/7/2023,22.4,7.3,13.9,39656.95,36839.47,0,20.08
1/8/2023,22.5,5.6,14.2,39683.04,36868.67,0,20.41
1/9/2023,21.6,8,13.9,39710.45,36472.84,0,18.81
1/10/2023,20,7.3,14,39739.12,36098.88,0,18.27
1/11/2023,20.2,6.1,13.3,39769.02,36965.09,0,18.17
1/12/2023,21.8,7,13.8,39800.11,36999.99,0,18.32
1/13/2023,20.4,9,13.5,39832.33,35607.86,3,18.39
1/14/2023,21.1,2.9,11.2,39865.65,37073.64,0,20.77
1/15/2023,21.4,4.5,12.8,39900.03,37112.3,0,20.83
1/16/2023,23.9,5,13.5,39935.43,37152.1,0,21.06
1/17/2023,24.6,7.5,15,39971.8,37193,0,20.84
1/18/2023,24.9,5.2,15.1,40009.19,37234.92,0,20.32
1/19/2023,25.4,7.4,16.4,40048,37167.3,0,19.95
1/20/2023,25.5,6.5,15.3,40088.23,35888.83,0,20.55
1/21/2023,24.3,8,16,40129.84,37368.95,0,20.67
1/22/2023,24,7.1,14.9,40172.73,37416.55,0,20.85
1/23/2023,23.8,6.2,14.6,40216.85,37457.46,0,21.26
1/24/2023,25,5.2,14.8,40262.12,37467.87,0,21.61
1/25/2023,24.4,7.8,15,40308.49,37479.52,0,21.58
1/26/2023,22.7,6.2,14.3,40355.87,37492.38,0,20.29
1/27/2023,22.7,3.9,11.9,40404.21,36603.59,0,21.59
1/28/2023,23.6,5.5,14,40453.45,36503.58,0,20.91
1/29/2023,24.7,7.8,16.1,40503.5,37538,0,21.61
1/30/2023,25.9,10.3,17.7,40554.33,37587.23,0,21.98
1/31/2023,26.1,9.1,17.3,40605.86,37607.12,0,22.44
2/1/2023,25.1,9,15.6,40658.02,36813.48,0,21.88
2/2/2023,25.6,6,15.3,40710.77,37725.9,0,22.84
2/3/2023,22.9,8.7,14.4,40764.03,37588.22,0,19.9
2/4/2023,23.3,3.5,11.2,40817.75,37659.04,0,22.58
2/5/2023,24.7,7.1,15.2,40871.88,37856.15,0,23.38
2/6/2023,24.4,6,14.4,40926.36,37936.99,0,23.48
2/7/2023,24.4,7,15.9,40981.22,38023.16,0,22.85
2/8/2023,23.2,7.6,15.6,41036.99,38059.88,0,20.39
2/9/2023,23.7,9.2,15.8,41093.71,37983.01,1,20.8
2/10/2023,23.5,8.8,16,41151.3,38075.9,0,20.1
2/11/2023,22.7,8,13.7,41209.72,29932.66,0,19.62
2/12/2023,24.8,6.7,14.3,41268.88,37958.95,0,22.67
2/13/2023,26.3,8.9,17.3,41328.73,38121.58,0,23.09
2/14/2023,25.8,7,16.2,41389.2,38494.41,0,23.91
2/15/2023,26.6,6.6,16.1,41450.24,38609.48,0,24.27
2/16/2023,28.4,7.2,16.9,41511.78,38657.36,0,24.4
2/17/2023,25.4,9.3,17,41573.77,37522.39,0,22.29
2/18/2023,25.3,3.4,12.9,41636.13,38753.41,0,24.27
2/19/2023,25.9,7,15.9,41698.84,38877.26,0,24.82
2/20/2023,26.7,9.1,16.7,41761.8,39004.11,0,24.62
2/21/2023,25.5,7.4,16.8,41824.98,39133.82,0,24.43
2/22/2023,24.7,8.1,16.5,41888.32,39026.11,0,22.73
2/23/2023,27.1,8.2,16.3,41951.77,38506.04,0,24.96
2/24/2023,27.2,9.6,18.5,42015.27,39372.8,0,25.47
2/25/2023,25.8,10.1,17.2,42078.76,39090.12,0,24.56
2/26/2023,26.7,10.3,17.6,42142.19,39551.32,0,22.88
2/27/2023,27.9,12.9,19.9,42205.6,38467.16,0,24.33
2/28/2023,28.7,12,20.4,42269.51,38534.99,0,24.3
3/1/2023,28.1,10.7,19.5,42333.96,39548.32,1,23.38
3/2/2023,29.9,10.6,19.8,42398.91,38885.33,0,25.86
3/3/2023,29.3,8.1,18.7,42464.29,39744.62,0,26.54
3/4/2023,28.7,8.1,18.4,42530.05,39957.65,0,26.54
3/5/2023,27.9,12.1,19.6,42596.16,39957.54,1,23.37
3/6/2023,28.9,10.9,20.1,42662.56,37545.45,0,24.92
3/7/2023,28.2,9.7,19.6,42729.2,38490.53,0,26.22
3/8/2023,27.8,10.4,19.1,42796.02,40233.22,0,26.7
3/9/2023,28.3,9.6,19.3,42863,40302.21,0,26.56
3/10/2023,27.4,10.8,19.8,42930.07,40323.02,0,25.63
3/11/2023,28.4,11.7,19.6,42997.19,40439.97,0,25.8
3/12/2023,25.7,11.2,18.4,43064.31,35858.04,0,21.95
3/13/2023,24.8,10.8,17.6,43131.38,37285.75,2,21.78
3/14/2023,23.4,8.9,16.2,43198.37,40351.18,1,22.63
3/15/2023,21.8,11.3,16.5,43265.21,40006.08,4,22.2
3/16/2023,22.3,8.1,14.6,43331.88,37389.14,6,21.44
3/17/2023,23.8,8.1,15.4,43398.3,39501.4,3,25.74
3/18/2023,22.6,9.1,16,43464.44,40160.08,6,23.93
3/19/2023,21.6,8,13.9,43530.34,40777.29,5,23.29
3/20/2023,23.2,4.9,12.4,43596.48,39745.59,0,26.28
3/21/2023,26.9,7.2,16.5,43662.89,41114.52,0,27.63
3/22/2023,26.8,10.9,18.7,43729.54,40991.63,0,26.46
3/23/2023,28.7,11,19.4,43796.38,41204.31,0,25.68
3/24/2023,28.2,11.6,19.1,43863.36,39600,0,25.88
3/25/2023,28.2,11.4,19.4,43930.44,40056.3,2,25.23
3/26/2023,28.2,10.8,19,43997.59,39628.66,0,25.74
3/27/2023,29.5,12,20.7,44064.75,39696.9,0,25.26
3/28/2023,28.9,13.5,20.2,44131.88,40807.87,1,23.98
3/29/2023,25.8,13.4,17.8,44198.95,39600,7,24.79
3/30/2023,26.8,10,17.3,44265.89,39600,0,25.15
3/31/2023,27.9,11.1,18.9,44332.68,40081.24,0,27.21
4/1/2023,30.4,12.2,20.9,44399.27,41411.65,0,27.65
4/2/2023,29,12.2,20.3,44465.6,41376.11,1,27.31
4/3/2023,30.4,14.1,22.4,44531.64,41495.13,0,26.87
4/4/2023,29.8,12.3,21.4,44597.34,41511.97,0,24.71
4/5/2023,31,12.8,20.8,44662.65,40077.35,0,27.88
4/6/2023,29.3,13.2,20.7,44727.53,41409.02,0,27.46
4/7/2023,27.6,13.2,19.8,44791.92,41491.36,3,26.61
4/8/2023,27.8,13.6,19.1,44855.86,41404.72,4,24.89
4/9/2023,26.2,11.6,19.1,44919.81,40743.37,0,25.3
4/10/2023,24,13.1,17.7,44983.8,36784.04,6,21.45
4/11/2023,21.1,12.6,16,45047.79,39820.42,13,20.82
4/12/2023,23.1,10.5,15.6,45111.73,40783.95,2,25.79
4/13/2023,24.3,9.5,16.3,45175.58,40902.12,2,24.96
4/14/2023,25.5,7.8,16,45239.3,42323.61,1,26.61
4/15/2023,26,8.2,17.1,45302.84,42352.21,0,26.61
4/16/2023,25.9,11.2,18,45366.15,42379.95,0,25.71
4/17/2023,23.4,10.9,16.7,45429.2,42042.37,2,24.15
4/18/2023,27.2,11.4,18.7,45491.92,39146.25,0,25.37
4/19/2023,28.2,10.8,19.9,45554.29,39938.98,0,24.08
4/20/2023,29.9,11.7,20.3,45616.23,40616.8,1,25.92
4/21/2023,29.4,11,20.1,45677.71,41769.87,0,27
4/22/2023,27.4,12.8,19.9,45738.68,39060.49,3,22.54
4/23/2023,26.7,11.1,19.3,45799.07,38690.43,3,24.85
4/24/2023,26.3,12.5,19.7,45858.86,40822.97,0,25.3
4/25/2023,30.3,12,20.8,45917.97,41708.32,0,27.59
4/26/2023,28.2,12.1,20.3,45976.36,41725.64,0,23.89
4/27/2023,29.7,11.6,20.5,46033.97,36802.82,0,23.79
4/28/2023,27.3,11.3,20.3,46090.82,39868.91,0,26.96
4/29/2023,28.6,10.8,19.5,46147.35,43508.28,2,26.5
4/30/2023,27.5,10.5,18.7,46203.59,43033.77,1,27.82
5/1/2023,29.7,11.7,20.3,46259.49,40358.75,0,27.04
5/2/2023,29.6,11.1,20.2,46315,42599,2,27.94
5/3/2023,29.3,12.8,21.1,46370.09,43714.18,0,27.73
5/4/2023,28.3,13.6,21.2,46424.69,41971.22,0,21.96
5/5/2023,27.6,12.6,19,46478.76,31089.9,3,22.32
5/6/2023,28.2,12.3,19.4,46532.27,34760.86,2,24.36
5/7/2023,28,13.5,20.3,46585.14,37278.85,2,24.73
5/8/2023,25.8,12.8,18.1,46637.34,34919.39,5,22.6
5/9/2023,24.2,11.4,17.7,46688.81,41676.55,3,23.43
5/10/2023,26.2,11,18.7,46739.5,41916.19,2,24.2
5/11/2023,27.3,10,18.9,46789.36,42360.16,3,25.73
5/12/2023,28.1,10.8,19,46838.32,41446.89,2,25.58
5/13/2023,25.7,11,18.6,46886.35,41589.7,2,23.02
5/14/2023,23.8,10.6,16.4,46933.38,44229.49,5,23.16
5/15/2023,24.1,9.7,16.7,46979.36,44271.22,1,26.31
5/16/2023,23.4,10.6,17.2,47024.22,40884.96,2,20.79
5/17/2023,24.8,8.9,16.1,47067.92,41811.33,3,24.25
5/18/2023,25.6,9.9,17.7,47110.46,43020.91,0,24.84
5/19/2023,27.3,10.9,18.4,47152.2,36065.43,1,24.15
5/20/2023,26.6,13.8,19.1,47193.15,36000,1,23.18
5/21/2023,24,14.2,18.1,47233.28,33191.18,6,20.27
5/22/2023,24.3,13.2,18,47272.55,37782.05,8,22.57
5/23/2023,24.4,11.8,17.9,47310.93,42251.3,6,22.75
5/24/2023,26.3,12.1,18.6,47348.37,44094.12,2,24.52
5/25/2023,28,12.1,19.9,47384.83,44636.31,2,25.32
5/26/2023,26.7,13.1,19.4,47420.27,43837.46,7,25.57
5/27/2023,25.8,12.6,18.6,47454.66,43133.34,4,26.29
5/28/2023,24.6,13.5,18.4,47487.93,35929.51,6,20.97
5/29/2023,23,10.2,16.6,47520.07,43702.57,4,24.24
5/30/2023,27.4,10,17.6,47551.02,44785.34,1,26.81
5/31/2023,27.4,14.2,20.4,47580.74,44756.05,0,26.24
6/1/2023,29.6,13,21,47609.2,42864.35,3,25.26
6/2/2023,31.8,13,21.8,47636.35,43224,1,27.86
6/3/2023,31.5,14.4,22.6,47662.14,44062.59,1,26.53
6/4/2023,32,12.8,22,47686.55,44907.03,0,28.21
6/5/2023,28.5,13.4,21.1,47709.51,44045.73,2,26.91
6/6/2023,27.3,12.6,20,47731,44947.09,4,25.92
6/7/2023,25,12.4,19.1,47751,44252.92,5,22.59
6/8/2023,27.1,12.1,18.7,47769.68,41558.57,1,26.27
6/9/2023,29.9,11.5,20.2,47787.08,44997,0,28.62
6/10/2023,30.9,13.3,22.1,47803.17,45011.28,0,28.85
6/11/2023,31.5,15.7,22.9,47817.94,45024.41,1,26.58
6/12/2023,31.7,14.2,22.6,47831.39,41436.4,0,27.73
6/13/2023,33.2,12.8,23.1,47843.5,45047.24,0,31.15
6/14/2023,33.5,16.1,24.1,47854.27,45056.91,0,30.24
6/15/2023,33.8,15.3,23.8,47863.68,45065.41,0,29.89
6/16/2023,32.5,15.4,23.7,47871.73,45072.73,0,28.2
6/17/2023,32.1,15.5,24,47878.4,45078.86,0,28.09
6/18/2023,32.9,14.8,23.8,47883.7,45083.81,0,30.65
6/19/2023,33.8,14.4,23.9,47887.6,45087.56,0,30.7
6/20/2023,33.9,16.4,24.4,47890.11,45090.1,0,29.44
6/21/2023,32.7,16.7,24.6,47891.21,42729.82,0,28.77
6/22/2023,31.6,14.6,23.7,47890.91,45091.55,0,30.35
6/23/2023,30.7,14.4,22.7,47889.2,45090.45,0,28.84
6/24/2023,29.5,12.7,21.2,47886.06,45088.11,0,26.88
6/25/2023,28,14.9,21.1,47881.49,45084.55,5,24.49
6/26/2023,24.9,14.3,19.1,47875.5,38367.34,7,21.1
6/27/2023,25.6,12.2,18.4,47868.06,41769.68,5,26.01
6/28/2023,27.8,13.8,19.1,47859.1,41079.11,6,23.78
6/29/2023,23.3,14.4,18.5,47848.61,30752.8,11,18.08
6/30/2023,25.2,13.4,18.6,47836.64,41148.22,8,25.14
7/1/2023,24.9,13.6,18.6,47823.2,40171.08,5,25.38
7/2/2023,24,13.9,18.5,47808.33,45021.82,8,25.79
7/3/2023,24.7,13.8,18.7,47792.06,45007.68,7,26.22
7/4/2023,24,14.1,17.9,47774.42,40042.83,12,22.14
7/5/2023,25,14,18.5,47755.44,38698.02,8,21.9
7/6/2023,23.3,13.4,17.7,47735.15,32400,16,22.75
7/7/2023,25.8,15.7,18.8,47713.57,39003.01,10,25.01
7/8/2023,25.3,14.7,19,47690.75,44919.38,12,27.15
7/9/2023,25.1,13.3,18.1,47666.71,40673.34,17,25.59
7/10/2023,24.3,13.3,17.8,47641.49,40064.65,10,24.74
7/11/2023,23.1,12.5,17.7,47615.11,41390.62,5,25.39
7/12/2023,24.7,12,17.7,47587.6,43386.2,6,26.84
7/13/2023,25.2,12.1,18,47559,44804.14,3,27.07
7/14/2023,25.7,11.4,18.2,47529.34,44601.05,1,27.09
7/15/2023,26.2,13.2,19.1,47498.65,44751.22,6,27.08
7/16/2023,27,12.2,19.1,47466.96,44723.39,3,26.28
7/17/2023,24.7,12.6,17.5,47434.25,37094.91,7,23.44
7/18/2023,26.2,11.9,18,47400.21,42659.02,3,26.38
7/19/2023,27.1,12.8,18.4,47364.85,40190.68,4,25.62
7/20/2023,27.4,12.3,18.4,47328.23,44600.75,3,26.16
7/21/2023,26.1,12.9,19.1,47290.38,42736.96,5,25.92
7/22/2023,24.6,13.3,17.9,47251.38,43412.03,15,23.5
7/23/2023,24,13.9,17.8,47211.26,35836.01,11,22.05
7/24/2023,22.8,13.7,17.4,47170.09,31582.21,11,19.79
7/25/2023,22.4,13.7,16.9,47127.9,36377.66,14,21.74
7/26/2023,23,13,17.1,47084.77,37610.59,11,25.89
7/27/2023,18.2,13.1,15.6,47040.72,22614.15,21,14.81
7/28/2023,20.7,10.7,15.1,46995.82,33302.23,8,21.5
7/29/2023,23.7,10.8,15.8,46950.11,42291.02,1,26.69
7/30/2023,22.9,13,16.9,46903.65,40664.56,10,19.81
7/31/2023,23,12.6,16.6,46856.47,37046.3,11,20.9
8/1/2023,25.3,12.9,17.8,46808.64,42363.27,13,25.69
8/2/2023,23.9,12.4,17.3,46760.18,40592.34,12,26.09
8/3/2023,22.7,11.7,16.3,46711.16,35596.58,8,22.51
8/4/2023,21.8,13.5,16.8,46661.61,23623.01,11,16.33
8/5/2023,23,14.2,17.2,46611.59,26669.02,13,20.51
8/6/2023,21.8,13.5,16.8,46561.05,33299.55,14,23.41
8/7/2023,25.3,12.4,17.7,46509.61,39941.01,3,26.94
8/8/2023,24.9,12.5,17.6,46457.23,43795.39,3,27.38
8/9/2023,25.4,12.4,18.4,46403.98,43273.68,4,27.59
8/10/2023,25.1,13.7,18.8,46349.93,37770.54,2,24.61
8/11/2023,25.1,12.8,18.2,46295.1,36158.2,3,26.41
8/12/2023,25,12.9,18.7,46239.56,43509.52,7,26.97
8/13/2023,24.9,11.9,17.3,46183.37,41965.38,5,26.31
8/14/2023,25.4,13.8,18.2,46126.57,42234.1,9,23.82
8/15/2023,24.4,11.4,17.3,46069.21,39276.12,11,23.62
8/16/2023,22.7,11.7,16.5,46011.35,41853.57,8,20.96
8/17/2023,22.1,13.7,16.8,45953.03,29621.95,13,22.03
8/18/2023,22,11.6,16.2,45894.3,33407.47,13,20.76
8/19/2023,22.8,13,16.8,45835.21,36464.59,13,23.73
8/20/2023,21,12.7,16.4,45775.81,28347.56,9,17.48
8/21/2023,22.5,11.2,16.4,45716.14,36549.24,5,25.32
8/22/2023,23.7,12.7,17,45656.25,39625.64,14,24.22
8/23/2023,24.3,12.9,17.4,45596.18,41889.67,10,24.89
8/24/2023,23.4,13.4,17.3,45535.97,41381.59,9,25.66
8/25/2023,22.3,10.2,15.7,45475.67,41377.05,11,23.93
8/26/2023,21.5,11.9,16,45415.25,31797.34,6,20.59
8/27/2023,23,14.1,17.4,45354.28,39180.56,16,21.4
8/28/2023,20.7,13.8,16.9,45292.73,27313.08,20,16.05
8/29/2023,24.5,12.1,17.5,45230.64,36284.5,5,26.88
8/30/2023,24.9,10.6,17.4,45168.08,42322.32,1,28.39
8/31/2023,22.8,13.7,17.7,45105.07,37228.82,11,22.55
9/1/2023,22.3,13.2,16.7,45041.67,32441.94,13,23.09
9/2/2023,24.7,12.3,17.8,44977.92,38402.48,7,27.06
9/3/2023,23.3,13.2,17.4,44913.87,35516.13,7,22.46
9/4/2023,23.9,11.8,17.2,44849.56,36000,8,24.72
9/5/2023,24.8,11.9,17.6,44785.03,40365.66,5,22.92
9/6/2023,23.5,12.8,17.3,44720.32,39355.16,7,23.12
9/7/2023,24.7,13.2,17.7,44655.49,40111.05,10,25.45
9/8/2023,24.9,12.3,17.9,44590.56,39861.91,3,25.43
9/9/2023,24.2,10.7,17.3,44525.59,39889.5,0,26.92
9/10/2023,24.8,11.3,17.3,44460.61,40931.82,4,25.73
9/11/2023,25,10.2,17.1,44395.65,40885.39,6,26.28
9/12/2023,24.9,10.5,17.1,44330.77,41378.39,0,26.96
9/13/2023,25.6,12.4,18,44266,39448.86,3,25.8
9/14/2023,26.4,12.4,18.9,44201.38,36420.97,1,26.58
9/15/2023,25.7,14.3,18.8,44136.88,39821.11,9,23.73
9/16/2023,23.8,13.5,17.7,44072.06,37025.77,8,21.03
9/17/2023,22.3,13.7,16.7,44006.88,28737.94,16,18.15
9/18/2023,22.5,13.9,16.8,43941.39,37937.07,10,21.7
9/19/2023,23.5,12.7,17,43875.62,37313.67,16,23.01
9/20/2023,25.2,11.9,17.2,43809.64,39866.29,5,25.26
9/21/2023,25.3,11.8,17.9,43743.47,39262.21,3,24.45
9/22/2023,26.1,12.1,18.1,43677.16,38943.42,4,23.78
9/23/2023,27.5,11.4,18.5,43610.76,40112.88,0,26.58
9/24/2023,27.9,9.3,18.1,43544.29,40307.03,0,27.01
9/25/2023,27.4,9.9,18.1,43477.82,40227.72,0,27.1
9/26/2023,26.9,9.7,17.5,43411.38,40115.85,0,26.17
9/27/2023,27.7,9.9,17.9,43344.99,39955.01,0,26.62
9/28/2023,27.6,10.1,18.4,43278.73,39954.2,0,26.5
9/29/2023,27.8,11.7,18.6,43212.61,39890.08,0,24.93
9/30/2023,27.7,12.7,19.1,43146.7,39061.2,1,22.59
10/1/2023,27.2,12.2,19.2,43081.02,39600,1,22.77
10/2/2023,28,13.3,19.8,43015.62,34470.73,7,20.82
10/3/2023,24.5,14.5,18.3,42950.55,32400,15,20.03
10/4/2023,24.9,13.4,18.1,42885.84,36616.78,5,22.15
10/5/2023,25.6,13.4,18.7,42821.46,39600,4,23.15
10/6/2023,27,12.7,18.5,42756.93,39676.12,5,24.54
10/7/2023,22.8,14.3,17.7,42692.23,37799.25,4,17.06
10/8/2023,19.4,13.2,15.5,42627.39,7643.59,5,10.43
10/9/2023,22.5,12.6,16.1,42562.47,28702.79,7,16.3
10/10/2023,24,12.5,17.2,42497.51,39401.35,15,20.79
10/11/2023,23,14.4,17.1,42432.56,28206.34,4,15.28
10/12/2023,24.3,11.5,16.5,42367.67,39330.58,2,22.49
10/13/2023,24.9,10.9,17,42302.89,39022.4,3,21.59
10/14/2023,26.6,12.4,18.5,42238.27,36000,6,21.47
10/15/2023,22.1,14.2,17.3,42173.84,22286.12,8,14.13
10/16/2023,21.8,12,15.6,42109.68,34822.87,0,16.49
10/17/2023,21.9,9.5,14,42045.82,28513.46,4,19.02
10/18/2023,24.5,7.4,14.9,41982.32,35415.12,0,22.89
10/19/2023,25.6,9.6,17.1,41919.24,39002.32,0,23.08
10/20/2023,25.9,11.3,17.1,41856.61,36196.02,0,20.29
10/21/2023,27.2,9.2,17.5,41794.5,38881.6,0,23.87
10/22/2023,27.2,10.6,18.2,41732.97,38839.89,0,23.61
10/23/2023,26.6,11.5,18.3,41672.06,38797.71,0,22.49
10/24/2023,27.1,11.4,18.3,41611.83,38760.86,0,21.7
10/25/2023,21.7,13.7,16.5,41552.23,4015,17,6.26
10/26/2023,23.1,12.9,16.8,41492.77,33936.82,10,18.69
10/27/2023,25,12.8,17.6,41433.41,35043.42,3,19.85
10/28/2023,24.2,12.3,17,41374.18,37433.59,2,21.24
10/29/2023,25.2,12.6,17.2,41315.16,35541.3,1,20.21
10/30/2023,23.5,8.1,16,41256.4,38535.25,0,21.6
10/31/2023,25.2,9.3,16,41197.95,38500.65,1,20.91
11/1/2023,23.4,8.4,14.3,41139.87,31402.21,0,17.33
11/2/2023,24.3,6.9,13.7,41082.22,35816.61,1,19.59
11/3/2023,25.8,8.1,16.2,41025.07,35980.04,2,20.35
11/4/2023,25.4,7.7,16.2,40968.47,38320.12,0,22.45
11/5/2023,26.3,7.2,15.8,40912.48,38258.82,0,22.25
11/6/2023,27.7,9.4,16.8,40857.16,38198.13,0,20.63
11/7/2023,28.3,10.7,19.3,40802.59,38138.13,0,21.14
11/8/2023,28.5,13.3,20.6,40748.82,38078.9,1,20.92
11/9/2023,27.2,12.3,19.5,40695.91,37130.56,1,19.23
11/10/2023,24.9,11.4,17.4,40643.93,37613.15,3,19.13
11/11/2023,25,13.5,17.9,40592.96,30985.19,7,18.16
11/12/2023,25.3,9.8,16.6,40543.06,35412.89,0,19.56
11/13/2023,24.1,13.9,17.7,40494.29,33778.38,7,16.48
11/14/2023,22.8,12.4,16.5,40446.64,29059.11,3,15.4
11/15/2023,25,10.2,16.1,40399.6,37388.2,0,20.76
11/16/2023,25.3,5.4,14.9,40353.15,37639.31,0,21.64
11/17/2023,27.6,7.6,17,40307.33,37588.09,0,21.75
11/18/2023,26,7.1,17,40262.2,37537.58,0,21.68
11/19/2023,28.1,8.8,17.6,40217.81,37487.84,0,21.27
11/20/2023,28.2,10,18.1,40174.23,37438.95,0,19.56
11/21/2023,24.3,11,17.6,40131.51,37390.96,3,18.94
11/22/2023,20.8,8.6,12.7,40089.7,34426.33,3,14.8
11/23/2023,17.6,11,13.6,40048.87,6144.87,7,7.97
11/24/2023,22.8,5.3,13,40009.07,35238.88,0,20.93
11/25/2023,23.4,7.5,14.1,39970.38,37209.42,0,20.69
11/26/2023,22.8,7.3,14.1,39932.84,37166.99,0,19.47
11/27/2023,21.2,9.5,15.2,39896.5,30805.51,1,14.52
11/28/2023,21.8,10.3,14.8,39861.45,25200,1,13.67
11/29/2023,21.2,9.5,14.9,39827.74,36403.63,5,16.25
11/30/2023,23.2,8,15.1,39795.43,35245.3,3,16.8
12/1/2023,23.8,8.1,15,39764.58,34991.67,0,16.63
12/2/2023,21.4,9.9,15.4,39735.25,30479.05,0,12.16
12/3/2023,20,10.6,15,39707.52,33030.91,1,13.67
12/4/2023,20,11.9,14.9,39681.37,32117.64,4,15.22
12/5/2023,21.1,10.7,14.8,39656.49,31866.24,1,15.59
12/6/2023,19.7,11.4,14.6,39632.84,20186.1,5,11.41
12/7/2023,17.3,9.9,12.9,39610.46,30119.19,2,13.83
12/8/2023,20.7,7.8,13.1,39589.37,33687.52,3,16.6
12/9/2023,21.1,7.9,14,39569.59,36751.47,0,18.05
12/10/2023,18.6,8.9,13.9,39551.15,35088.22,0,12.98
12/11/2023,14.2,7.3,10.3,39534.08,620.78,14,6.26
12/12/2023,16.9,7.6,11.3,39518.4,34449.02,2,15.85
12/13/2023,17.6,7.6,11.6,39504.13,33490.7,0,12.68
12/14/2023,19.2,10.2,13.5,39491.31,26456.27,1,12.86
12/15/2023,19.1,9.6,13.5,39479.95,27866.37,4,13.28
12/16/2023,18.2,10.2,13.6,39470.08,30162.83,11,13.37
12/17/2023,20.2,9.5,13.1,39461.72,34143.67,1,18.6
12/18/2023,20.8,3.6,11.8,39454.89,36617.79,0,20
12/19/2023,19.8,4.9,10.7,39449.63,35096.36,0,18.54
12/20/2023,21.9,3.3,12.2,39445.94,36607.19,0,19.89
12/21/2023,22.9,3.1,12.2,39443.86,36604.66,0,19.67
12/22/2023,23.2,3.3,12.4,39443.4,35543.76,0,19.15
12/23/2023,21.8,3.2,12.2,39444.58,35571.55,0,17.22
12/24/2023,23.2,6.5,13.7,39447.43,36608.21,0,16.75
12/25/2023,23.3,7.5,14.1,39451.96,35512.68,0,16.22
12/26/2023,19.8,8,13.5,39458.15,25459.34,0,11.66
12/27/2023,16.7,10,13,39465.98,16730.06,8,9.96
12/28/2023,19.8,1.6,9.2,39475.43,35496.05,0,19.4
12/29/2023,19.4,2.4,10.1,39486.45,35754.31,0,18.86
12/30/2023,18.9,3.5,9.9,39499.02,35345.32,0,18.73
12/31/2023,21.9,5.2,12.2,39513.12,36678.75,0,19.99
1/1/2024,22.2,5.7,13.3,39528.71,36696.02,0,20.02
1/2/2024,22.2,6.4,14,39545.77,36002.47,0,17.41
1/3/2024,24,9.3,15.1,39564.25,35198.14,0,19.31
1/4/2024,24.8,4.4,13.6,39584.14,36757.87,0,20.03
1/5/2024,23.1,4.8,13.6,39605.4,36781.71,0,19.96
1/6/2024,24,4,13,39628,36807.09,0,20.06
1/7/2024,22.5,8.5,14.4,39651.9,28785.68,0,13.46
1/8/2024,24.4,7.8,15.2,39677.09,33248.58,0,16.24
1/9/2024,23.4,6.6,14.2,39703.52,35235.92,0,18.06
1/10/2024,24.8,5.1,14.2,39731.16,35990.72,0,19.18
1/11/2024,25.8,6.4,14.7,39759.98,36747.39,0,19.07
1/12/2024,27.5,6.8,15.7,39789.96,36272.95,0,20.27
1/13/2024,25.2,7.5,16.5,39821.12,29798.89,0,14.05
1/14/2024,24.8,8.9,15.8,39853.82,33034.08,0,16.1
1/15/2024,26.1,6.8,16,39888.06,36459.16,0,20.62
1/16/2024,26.3,10.1,17.1,39923.76,37139.1,0,20.51
1/17/2024,25.6,9.6,16.7,39960.88,36567.61,0,18.37
1/18/2024,25,10.7,17.3,39999.33,35997.96,0,19.31
1/19/2024,23.7,11,17.5,40039.06,31341.79,0,14.2
1/20/2024,20.9,9.1,13.6,40080,3276.75,0,8.23
1/21/2024,19.6,10.2,14.5,40122.09,21765.79,0,12.3
1/22/2024,22,5.8,13.1,40165.27,37407.72,0,18.21
1/23/2024,23.3,6.3,14.1,40209.46,37456.01,1,19.71
1/24/2024,24.8,7.6,15.2,40254.62,37465.55,0,20.96
1/25/2024,25.3,6.8,15.1,40300.67,37476.29,0,20.64
1/26/2024,25.3,6.6,15.1,40347.57,37493.65,0,21.05
1/27/2024,24.8,6.2,15,40395.25,37507.07,0,22.13
1/28/2024,22.8,9.1,15.1,40443.65,31840.33,0,19.08
1/29/2024,21.6,7,13.2,40492.7,33518.29,0,15.34
1/30/2024,21.4,7.8,14.2,40542.37,18501.12,0,13.09
1/31/2024,21.7,10.9,15.5,40592.59,22314.15,1,12.37
2/1/2024,21.3,9.1,15,40643.3,24864.29,0,13.82
2/2/2024,26,5.3,13.7,40694.54,33092.57,0,20.59
2/3/2024,24.7,4.9,14.6,40746.83,37701.04,0,23.2
2/4/2024,24.8,4,13.7,40800.19,37814,0,23.58
2/5/2024,23.5,6.7,15.5,40854.55,37892.06,0,23.76
2/6/2024,25.7,4.1,14.9,40909.86,37975.91,0,23.76
2/7/2024,26.9,5.7,15.7,40966.03,38013.53,0,23.52
2/8/2024,29.7,8.7,17.8,41023,38051.53,0,23.75
2/9/2024,28.5,10.8,18.3,41080.71,38146.37,0,23.66
2/10/2024,28.5,6.4,17,41139.1,38187.25,0,24
2/11/2024,26.8,6.6,16.5,41198.09,38289.29,0,23.6
2/12/2024,26.6,8.2,16.7,41257.64,37282.83,0,19.82
2/13/2024,24.5,8.2,16.4,41317.67,31973.36,0,17.74
2/14/2024,22.8,8.3,16.1,41378.12,27067.59,0,17.61
2/15/2024,25.8,10.4,17.4,41438.94,28959.25,0,19.4
2/16/2024,24.7,7.2,16,41500.07,33239.75,0,19.5
2/17/2024,19.7,9.4,14.2,41561.45,10800,14,9.91
2/18/2024,20,6.1,10.9,41623.02,32998.86,0,22.46
2/19/2024,23.6,5.6,13.4,41684.72,38940.37,0,25.26
2/20/2024,24.6,5,14.5,41746.51,39132.37,0,25.58
2/21/2024,26.6,4.7,15.1,41808.32,39196.69,0,25.61
2/22/2024,28.6,7.1,17.4,41870.2,39263.92,0,25.71
2/23/2024,28.2,8.7,18.6,41932.66,39330.26,0,25.86
2/24/2024,27.7,10.3,17.8,41995.76,37072.84,0,23.88
2/25/2024,29,9.5,19.2,42059.44,39464.46,0,25.66
2/26/2024,28.3,8.8,19.3,42123.64,39532.21,0,26.1
2/27/2024,28.8,10.8,19.2,42188.3,39600.3,0,25.89
2/28/2024,28.4,11,19.5,42253.38,39668.68,0,25.17
2/29/2024,28.3,10.4,19,42318.83,39536.63,0,25.69
3/1/2024,27.4,9.6,18.5,42384.59,39806.07,0,24.96
3/2/2024,28,10.7,18.4,42450.61,39373.77,0,25.11
3/3/2024,28,10,18.1,42516.83,39789.4,0,25.9
3/4/2024,29.5,10.2,18.7,42583.22,40012.93,0,25.98
3/5/2024,28.3,8,18.3,42649.71,39992.36,0,26.76
3/6/2024,29,10.9,19.5,42716.28,40150.71,0,26.44
3/7/2024,31.7,10.9,20.2,42782.84,40219.41,0,26.9
3/8/2024,32.5,9.3,19.6,42849.38,40287.92,0,27.41
3/9/2024,31,9.6,20,42915.82,40356.18,0,27.5
3/10/2024,30,9.1,18.5,42982.13,40424.15,0,26.37
3/11/2024,29.4,9.3,18.6,43048.26,40491.78,0,25.23
3/12/2024,27.6,10.9,19.3,43114.16,39689.06,0,24.98
3/13/2024,28.8,10.8,19.3,43179.86,40134.78,0,25.6
3/14/2024,29.4,12,20.2,43245.85,39687.41,0,26.39
3/15/2024,28.9,10,19.4,43312.18,40760.78,0,26.87
3/16/2024,29.4,12.6,20.6,43378.8,39323.71,0,25.92
3/17/2024,29.5,11.5,19.9,43445.66,40896.11,0,23.01
3/18/2024,31.1,13.4,21.5,43512.73,35980.02,0,26.9
3/19/2024,28.3,14.1,20.4,43579.96,40454.27,0,23.04
3/20/2024,29.8,12.9,21.4,43647.3,39782.42,0,24.66
3/21/2024,29.8,11.7,20.9,43714.71,39832.66,0,26.5
3/22/2024,30.7,10.1,20.5,43782.16,41199.99,0,28.3
3/23/2024,29.5,11.3,19.8,43849.58,41214.97,0,27.32
3/24/2024,31.1,7.9,19.8,43916.95,41229.8,0,28.86
3/25/2024,28.9,6.6,18.4,43984.21,41244.52,0,26.94
3/26/2024,29.3,8.3,18.4,44051.32,39600,0,28.75
3/27/2024,29.6,7.2,18.5,44118.24,41304.45,0,29.83
3/28/2024,27.8,9,17.9,44184.92,41288.34,0,27.75
3/29/2024,28.9,8.5,17.6,44251.31,41334.74,0,28.83
3/30/2024,29.6,10.6,20.1,44317.38,41348.45,0,28.62
3/31/2024,30.4,12.2,20.4,44383.07,40477.86,0,26.46
4/1/2024,30.8,12,20.9,44448.33,41423.32,0,28.23
4/2/2024,31.1,10.8,20.6,44513.21,41362.55,0,28.23
4/3/2024,29.8,11.4,20.5,44578.16,41565.77,0,25.6
4/4/2024,27.3,9.7,18.6,44643.21,41585.75,0,23.66
4/5/2024,28,10.1,19,44708.33,41604.66,0,28.69
4/6/2024,29.3,10.7,19.9,44773.48,41754.2,0,28.99
4/7/2024,28.8,11.7,20.2,44838.6,41777.06,0,27.33
4/8/2024,30.1,15.3,22.1,44903.66,41452.04,0,26.91
4/9/2024,29.2,10.8,20.6,44968.61,41686.86,0,28.79
4/10/2024,29.1,11.2,19.7,45033.41,41816.49,0,26.91
4/11/2024,27.9,11,19.1,45098,38851.72,0,23.61
4/12/2024,29.4,9,17.2,45162.36,36455.56,0,25.58
4/13/2024,30.4,11.3,19.9,45226.43,41855.93,0,28.4
4/14/2024,31.6,12.2,21.5,45290.15,42172.02,0,28.54
4/15/2024,31.7,13.2,22.8,45353.49,41751.76,0,25.94
4/16/2024,32.9,14.3,22.9,45416.4,40369.82,0,27.87
4/17/2024,31.8,15.3,23.5,45478.82,42704.11,0,27.71
4/18/2024,31.3,15.6,23.1,45540.71,42735.28,0,26.88
4/19/2024,28.7,15.6,22,45602.02,42669.03,1,25.07
4/20/2024,27.6,15.5,20,45662.68,36526.77,7,22.02
4/21/2024,26.9,12.8,19.1,45722.67,40871.71,2,26.32
4/22/2024,26.2,13.4,18.1,45781.98,41346.5,3,25.63
4/23/2024,26,11.6,18.2,45841.07,43087.06,1,24.86
4/24/2024,29.6,12.7,20.8,45899.98,42153.19,0,26.91
4/25/2024,28.4,12.8,21.3,45958.65,41211.02,0,23.85
4/26/2024,27.3,12.7,20.6,46017.04,42639.02,1,23.98
4/27/2024,28.5,12.6,20,46075.11,37879.83,1,26.15
4/28/2024,29.5,11,20.5,46132.8,43110.05,1,26.86
4/29/2024,29.4,12.5,20.5,46190.06,43547.91,0,27.49
4/30/2024,30.3,13.7,21.5,46246.86,42809.34,0,26.95
5/1/2024,31,13.4,22,46303.14,43434.53,1,26.7
5/2/2024,30.4,14.1,22.1,46358.84,43578.67,1,26.2
5/3/2024,32.6,14.1,22.2,46413.93,42530.78,0,28.01
5/4/2024,31.9,13.4,22.3,46468.33,43804.77,1,27.64
5/5/2024,31.4,14.3,22.3,46522.01,41922.96,0,26.02
5/6/2024,32,14.3,22.8,46574.91,43902.62,1,25.88
5/7/2024,33.1,14,23.3,46626.97,42829.83,0,27
5/8/2024,31.9,14.8,23.6,46678.14,43599.78,2,26.61
5/9/2024,33,15.6,23.9,46728.37,41913.88,1,25.99
5/10/2024,33.5,16.3,25.4,46777.58,39021.02,0,27.15
5/11/2024,33.4,17,24.6,46825.73,42252.23,1,27.16
5/12/2024,32,15.4,23.9,46872.84,44174.54,0,26.28
5/13/2024,31.9,14.4,23.1,46919.27,44216.6,0,26.87
5/14/2024,31.7,14.9,22.9,46965.06,41874.79,2,27.62
5/15/2024,30.8,15.5,23.5,47010.17,44298.83,1,26.43
5/16/2024,33.1,13.5,22.5,47054.55,42450.26,3,27.01
5/17/2024,32.8,14.9,23,47098.16,42603.1,4,26.01
5/18/2024,32.3,15,23.4,47140.97,40875.72,2,26.85
5/19/2024,30.1,16.8,22.9,47182.91,40134.2,5,26.81
5/20/2024,33.4,15.3,23.3,47223.95,44491.72,1,28.62
5/21/2024,32.4,15,24,47264.05,44527.82,0,29.89
5/22/2024,31.8,16.3,24,47303.14,44563.01,1,27.58
5/23/2024,31.8,15.5,23.2,47341.2,39925.59,2,26.2
5/24/2024,32.7,16.1,24,47378.18,41918.41,2,25.21
5/25/2024,33.6,14.7,22.8,47414.01,41300.28,2,27.43
5/26/2024,32.6,16.2,23.9,47448.67,42989.37,1,26.66
5/27/2024,33,15.5,22.3,47482.1,39885.34,5,27.49
5/28/2024,30.7,16.6,23.9,47514.25,44752.81,0,28.79
5/29/2024,27.7,15.2,20.6,47545.09,32053.49,8,20.74
5/30/2024,28.6,14,20.2,47574.54,38364.35,6,27.47
5/31/2024,32.3,14.9,22.2,47602.57,43745.96,1,28.01
6/1/2024,34.1,14.7,23.2,47629.19,38372.46,0,27.93
6/2/2024,33.9,13.6,23.5,47654.61,42726.66,0,28.32
6/3/2024,31.9,14.4,23.6,47678.85,41862.36,0,28.74
6/4/2024,29.6,16.1,23.2,47701.9,41320.55,2,24.71
6/5/2024,30.2,16,22.9,47723.74,44352.73,0,25.56
6/6/2024,31.8,15.1,22.9,47744.34,39995.73,1,25.7
6/7/2024,31.4,14.9,23.1,47763.69,38502.6,4,27.79
6/8/2024,28.6,15.9,22.2,47781.76,39753.77,1,24.53
6/9/2024,27.4,15.9,22.2,47798.54,34649.82,1,19.85
6/10/2024,31.4,15.9,21.2,47814.01,34773.3,6,23.77
6/11/2024,30.7,13.3,21.5,47828.14,40178.98,0,26.06
6/12/2024,31.3,13.6,21.5,47840.92,42361.8,0,28.98
6/13/2024,31.4,14.4,22,47852.34,45055.14,0,28.93
6/14/2024,30.5,15.1,22,47862.36,44169.31,1,25.68
6/15/2024,29.9,13.2,21.2,47870.98,45072.24,1,28.34
6/16/2024,30.1,14.1,21.3,47878.19,45078.95,0,30.06
6/17/2024,30.2,12.6,21.1,47883.95,45084.43,0,30.52
6/18/2024,31.1,13.3,22.1,47888.26,45088.64,0,30.77
6/19/2024,29.3,13.5,21.4,47891.1,35242.82,0,24.22
6/20/2024,23.9,15.7,18.4,47892.45,20947.43,18,14.89
6/21/2024,23.6,14.6,18.5,47892.3,39175.79,14,25.26
6/22/2024,23.1,13.4,17.2,47890.64,38678.39,9,21.31
6/23/2024,22.3,13.9,17.3,47887.48,31148.85,12,18.9
6/24/2024,22.4,13.4,17.3,47882.83,31109.73,16,21.23
6/25/2024,21.5,14.6,17.4,47876.71,35619.11,19,22.27
6/26/2024,21.5,14.1,17.1,47869.15,39022.18,13,23.37
6/27/2024,21.7,13.6,16.8,47860.17,27935.47,12,20.71
6/28/2024,20.7,13.8,16.6,47849.79,26771.63,9,18.6
6/29/2024,23.9,14.3,18.1,47838.02,36000,14,24.96
6/30/2024,21.7,13.3,17.4,47824.88,40328.37,10,21.27
7/1/2024,19.3,14.8,16.6,47810.41,5802.93,23,11.64
7/2/2024,21.7,13.9,16.9,47794.62,38404.41,8,23.84
7/3/2024,21.8,12.6,16.5,47777.53,44033.72,8,23.05
7/4/2024,23,11.8,17,47759.17,37147.83,12,25.78
7/5/2024,23.7,12.4,17.2,47739.56,42516.91,11,25.78
7/6/2024,23.8,12.7,17.6,47718.72,44403.11,5,26.36
7/7/2024,24.4,12.1,18.2,47696.67,44924.7,3,28.13
7/8/2024,26.3,13.3,19.4,47673.45,44904.53,3,27.83
7/9/2024,24.8,13.7,18.6,47649.06,42949.97,11,24.95
7/10/2024,20.3,13.9,16.8,47623.54,21248.43,13,14.03
7/11/2024,20,13.9,16.7,47596.86,38835.3,20,20.5
7/12/2024,21.6,13.4,16.8,47568.77,39651.27,11,25.17
7/13/2024,22.4,12.7,16.6,47539.28,41137.45,11,24.63
7/14/2024,22.6,12.3,16.5,47508.43,39524.09,11,21.91
7/15/2024,21.6,12.4,16.4,47476.28,40094.16,8,22.13
7/16/2024,22,11.6,16.8,47442.87,44076.01,5,25.59
7/17/2024,23.7,12.6,16.8,47408.25,37540.14,8,25.61
7/18/2024,21.4,14.4,17.3,47372.46,35812.35,14,22.11
7/19/2024,21.4,12.6,16.5,47335.57,41318.88,14,23.4
7/20/2024,21.2,13,16.8,47297.61,34894.09,10,19.05
7/21/2024,23.2,14.7,17.5,47258.64,39039.09,19,25.24
7/22/2024,20.7,13.4,16.5,47218.7,24189.89,13,19.12
7/23/2024,22.1,11.8,16.6,47177.83,41180.17,3,24.07
7/24/2024,21.4,12.9,16.6,47136.09,32756.51,13,20.43
7/25/2024,23.5,12.3,17.5,47093.52,37024.79,9,25.83
7/26/2024,22.4,13.5,16.9,47050.16,31130.09,9,22.37
7/27/2024,21.5,12.1,16.7,47006.07,37597.95,8,25.07
7/28/2024,22.9,12.5,17.2,46961.28,39064.58,14,22.07
7/29/2024,24,14.1,17.8,46915.84,36171.8,11,25.53
7/30/2024,22.8,14.5,17.7,46869.79,40810.1,16,23.47
7/31/2024,22,12.8,16.6,46823.11,38816.47,9,24.08
8/1/2024,24.2,13.4,17.5,46775.4,39777.43,12,24.97
8/2/2024,21.2,12.8,16.3,46726.66,34171.22,9,21.01
8/3/2024,22.6,10.9,15.7,46676.95,40046.95,8,24.84
8/4/2024,22.5,11.5,16,46626.31,37915.85,7,25.41
8/5/2024,22.8,13.1,16.8,46574.8,42329.75,12,24.9
8/6/2024,22.4,12.1,16.2,46522.49,41894.84,9,22.19
8/7/2024,23,13.6,17.1,46469.42,36770.64,12,23.81
8/8/2024,24.3,12.6,17.9,46415.64,37331.93,13,24.62
8/9/2024,23.7,12.7,17.9,46361.21,39822.45,3,24.01
8/10/2024,22.7,12.7,16.9,46306.18,40778.31,9,23.15
8/11/2024,21.9,13.3,16.5,46250.59,32932.16,7,18.35
8/12/2024,21.8,13.9,16.7,46194.5,36365.03,16,22.95
8/13/2024,22,12.8,16.8,46137.96,40108.35,10,24
8/14/2024,22.9,13.1,17.3,46081.01,40904.75,12,25.42
8/15/2024,24,13.4,17.5,46023.7,37504.91,17,24.35
8/16/2024,22,13.1,16.7,45966.08,26554.05,6,21.04
8/17/2024,22.9,13.5,17.3,45908.2,34346.47,13,23.33
8/18/2024,23.8,13.9,17.4,45850.09,36000,15,24.16
8/19/2024,24.1,13.2,17.3,45791.81,36263.48,7,24.34
8/20/2024,24,13.1,17.6,45733.31,41227.09,5,25.97
8/21/2024,22.2,12.7,16.9,45674.19,41948.79,9,25.81
8/22/2024,22.9,11.8,16.2,45614.4,39530.52,10,24.2
8/23/2024,21.1,13,16.7,45554,32435.97,10,19.34
8/24/2024,23.1,13.2,17,45493.05,32834.51,11,23.01
8/25/2024,23.4,13.2,17.4,45431.58,40504.03,8,24.44
8/26/2024,23.3,12.8,17.1,45369.64,40056.86,12,25.23
8/27/2024,23.2,12.8,17.3,45307.29,36967.79,8,22.7
8/28/2024,22.6,13.2,16.6,45244.57,33747.98,8,21.89
8/29/2024,22.9,11.9,16.7,45181.52,33593.65,11,23.46
8/30/2024,22.5,12.4,17,45118.18,33317.23,15,23.9
8/31/2024,23,13.4,17.5,45054.62,36703.36,13,24.97
9/1/2024,23.2,13.3,17.3,44990.86,37386.69,10,22.96
9/2/2024,23.2,12.9,17.1,44926.94,31898.43,10,21.97
9/3/2024,23.7,14,17.6,44862.92,39098.66,6,23.55
9/4/2024,23.6,11.9,17.1,44798.83,37635.67,8,23.68
9/5/2024,23.9,13.9,18.2,44734.72,40691.06,16,23.76
9/6/2024,22.2,13.6,17.6,44670.62,33430.77,16,20.73
9/7/2024,20.8,13.5,16.7,44606.59,36260.63,17,21.04
9/8/2024,20.9,12.6,15.7,44542.64,33209.11,4,18.76
9/9/2024,21.9,11.2,16.2,44478.77,37540.88,2,21.79
9/10/2024,21.1,13.8,16.9,44414.52,32482.86,4,18.21
9/11/2024,23,14.6,17.7,44349.86,37782.91,14,23.41
9/12/2024,22.2,11.3,17,44284.85,39738.35,1,22.9
9/13/2024,22.9,12.2,17.6,44219.52,39057.98,5,21.9
9/14/2024,23.5,14.2,17.9,44153.92,36058.72,12,22.57
9/15/2024,23.7,12.9,18,44088.09,39731.23,3,24.31
9/16/2024,22.9,13.1,17.3,44022.06,38648.5,7,21.54
9/17/2024,23,13.4,17.5,43955.89,36342.71,12,22.87
9/18/2024,23.6,13.3,17.5,43889.62,39732.37,9,24.63
9/19/2024,23.9,13.1,17.9,43823.28,39600,6,24.59
9/20/2024,24.4,14.6,18.3,43756.92,36200.6,20,23.39
9/21/2024,23.3,13.1,17.6,43690.58,39861.64,8,22.49
9/22/2024,23.8,13.7,17.7,43624.3,37847.56,16,22.79
9/23/2024,23.3,12.6,17,43558.12,38967.32,6,20.2
9/24/2024,19.9,13.7,16.3,43492.08,3983.65,11,10.79
9/25/2024,21.1,13,16.3,43426.22,23351.88,8,16.36
9/26/2024,17.3,13.3,15.1,43360.59,0,24,6.45
9/27/2024,17.8,13.2,15,43295.22,7070.61,23,9.14
9/28/2024,21.1,11.3,15,43230.15,29489.89,13,19.54
9/29/2024,20.6,13.6,16.2,43165.35,17406.3,15,14.57
9/30/2024,21.4,12.4,15.6,43100.36,32656.45,11,19.91
10/1/2024,20.1,11.3,15.4,43035.14,36053.92,12,17.88
10/2/2024,18.8,12.5,14.7,42969.74,15999.06,4,11.97
10/3/2024,22,8.7,14.6,42904.2,36000,0,24.06
10/4/2024,21.3,10.7,15.5,42838.57,33995.25,3,19.2
10/5/2024,20.4,11.7,15.4,42772.89,28800,13,16.95
10/6/2024,21.1,14.7,16.4,42707.22,17004.83,22,10.79
10/7/2024,20.2,12,15.4,42641.59,17757.47,16,11.73
10/8/2024,20,13.2,15.6,42576.06,19209.46,16,14.84
10/9/2024,21.2,10.9,15.3,42510.67,25877.59,2,16.32
10/10/2024,20.7,7.5,13.8,42445.46,39485.37,0,25.33
10/11/2024,19.3,6.3,12.6,42380.49,39309.09,0,25.07
10/12/2024,20,6,12,42315.8,39259.65,0,24.3
10/13/2024,19.3,8.5,13.1,42251.45,34742.7,1,18.13
10/14/2024,21.8,10.4,15.2,42187.47,36737.3,3,21.86
10/15/2024,22.3,8.2,15,42123.93,36166.23,0,22.08
10/16/2024,23,8.4,15.7,42060.86,39142.56,1,22.11
10/17/2024,21.5,9.4,14.4,41998.32,38430.46,1,22.48
10/18/2024,21.8,10.1,15.1,41936.38,38312.39,0,21.79
10/19/2024,23,12.2,16.4,41874.96,38937.68,3,19.48
10/20/2024,18.2,10.7,14.2,41813.6,6576.3,4,8.12
10/21/2024,18.3,13.2,15.1,41752.23,7458.91,19,8.73
10/22/2024,22.7,12.3,16.4,41690.91,36000,10,20.15
10/23/2024,22,9.6,15.1,41629.7,38772.07,0,23.33
10/24/2024,21.5,9.9,14.9,41568.66,36260,0,21.24
10/25/2024,21.7,9.9,14.6,41507.83,38692.38,0,22.89
10/26/2024,21.3,10.1,14.6,41447.28,30992.48,3,18.01
10/27/2024,20.9,11.5,15,41387.05,38615.38,3,17.95
10/28/2024,19.8,10.9,14.5,41327.21,36677.67,9,18.48
10/29/2024,20.4,9.9,14.6,41267.81,36984.72,4,18.71
10/30/2024,22.6,9.9,15.3,41208.92,38506.01,2,20.48
10/31/2024,23.7,10.6,17,41150.59,38471.41,4,19.86
11/1/2024,22.6,10.4,16.4,41092.89,33280.96,5,18.21
11/2/2024,22.3,11.9,16.3,41035.88,36640.66,4,17.67
11/3/2024,23.3,10.1,16.2,40979.61,35958.1,5,19.51
11/4/2024,23.8,9.6,16.6,40924.15,36339.91,0,21.08
11/5/2024,24.2,10,16.5,40869.57,38211.46,0,20.55
11/6/2024,21.4,21.4,NaN,40815.93,NaN,0,NaN
11/7/2024,NaN,NaN,NaN,40763.29,NaN,0,NaN
